dataset,subject,run_id,method,backend,device,hardware,n_samples,duration_min,sfreq,n_channels_input,n_channels_ica,n_components,rank,kappa_channels,kappa_effective,highpass,lowpass,notch,reference,random_seed,n_iter_requested,n_iter_actual,max_iter,tol,converged_before_cap,fit_runtime_s,total_runtime_s,peak_memory_gb,mir_bits_per_sample,mir_kbits_s,pmi_input_mean_bits,pmi_source_mean_bits,remnant_pmi_percent,nd_5_percent,nd_10_percent,iclabel_brain_percent,iclabel_eye_percent,iclabel_muscle_percent,reconstruction_error,result_path,figure_status,claims_allowed,notes
ds004505,sub-01,sub-01__fastica_cpu,FastICA,fastica,cpu,fc20130,785328,52.355199999999996,250.0,270,120,64,120,54.53666666666667,191.73046875,1.0,100.0,60.0,as_loaded_from_eeglab,42,5000,162,5000,1e-06,True,56.05720330402255,56.05720330402255,,15.091869130576697,3.7729672826441742,0.14326152468138995,0.025938869442046108,18.105956571196284,1.5625,7.8125,14.0625,9.375,51.5625,3.7108910333868335e-15,scripts\cc_benchmark\results\v3_paper_stage1_cluster\benchmark_sub-01_hp1.0hz_fastica_cpu.json,ok,sensitivity_only,
ds004505,sub-01,sub-01__infomax_cpu,Infomax,infomax,cpu,fc30501,785328,52.355199999999996,250.0,270,120,64,120,54.53666666666667,191.73046875,1.0,100.0,60.0,as_loaded_from_eeglab,42,5000,5000,5000,1e-07,False,58.398811978055164,58.398811978055164,,15.220140291963972,3.805035072990993,0.14326152468138995,0.025855244815687413,18.04758456479423,1.5625,6.25,12.5,10.9375,51.5625,2.66213309708211e-15,scripts\cc_benchmark\results\v3_paper_stage1_cluster\benchmark_sub-01_hp1.0hz_infomax_cpu.json,ok,sensitivity_only,
ds004505,sub-01,sub-01__jax_cpu,AMICA-Python (JAX-CPU),jax,cpu,fc30430,785328,52.355199999999996,250.0,270,120,64,120,54.53666666666667,191.73046875,1.0,100.0,60.0,as_loaded_from_eeglab,42,3000,3000,3000,,False,13691.826071137097,13691.826071137097,,16.261913078875722,4.0654782697189304,0.14326152468138995,0.02619514863576282,18.28484563040926,1.5625,9.375,10.9375,7.8125,57.8125,5.394358099715385e-15,scripts\cc_benchmark\results\v3_paper_stage1_cluster\benchmark_sub-01_hp1.0hz_jax_cpu.json,ok,sensitivity_only,
ds004505,sub-01,sub-01__jax_gpu,AMICA-Python (JAX-GPU),jax,gpu,fc10411,785328,52.355199999999996,250.0,270,120,64,120,54.53666666666667,191.73046875,1.0,100.0,60.0,as_loaded_from_eeglab,42,3000,3000,3000,,False,131.60391666099895,131.60391666099895,,16.264505066176525,4.066126266544131,0.14326152468138995,0.02618444616518581,18.27737504778018,1.5625,9.375,10.9375,7.8125,56.25,2.351907233559295e-15,scripts\cc_benchmark\results\v3_paper_stage1_cluster\benchmark_sub-01_hp1.0hz_jax_gpu.json,ok,sensitivity_only,
ds004505,sub-01,sub-01__numpy_cpu,AMICA-Python (NumPy-CPU),numpy,cpu,fc30658,785328,52.355199999999996,250.0,270,120,64,120,54.53666666666667,191.73046875,1.0,100.0,60.0,as_loaded_from_eeglab,42,3000,3000,3000,,False,21082.324457382085,21082.324457382085,,16.265732888946395,4.066433222236599,0.14326152468138995,0.026207518720122634,18.293480247685135,1.5625,9.375,10.9375,7.8125,56.25,5.674720787261235e-15,scripts\cc_benchmark\results\v3_paper_stage1_cluster\benchmark_sub-01_hp1.0hz_numpy_cpu.json,ok,sensitivity_only,
ds004505,sub-01,sub-01__picard_cpu,Picard,picard,cpu,fc30441,785328,52.355199999999996,250.0,270,120,64,120,54.53666666666667,191.73046875,1.0,100.0,60.0,as_loaded_from_eeglab,42,5000,75,5000,1e-06,True,122.96222612902056,122.96222612902056,,15.213971589569773,3.8034928973924433,0.14326152468138995,0.0258851277361889,18.068443564143813,1.5625,6.25,14.0625,10.9375,51.5625,2.5768850949776145e-15,scripts\cc_benchmark\results\v3_paper_stage1_cluster\benchmark_sub-01_hp1.0hz_picard_cpu.json,ok,sensitivity_only,
ds004505,sub-02,sub-02__fastica_cpu,FastICA,fastica,cpu,fc20130,1364633,90.97553333333333,250.0,270,120,64,120,94.76618055555555,333.162353515625,1.0,100.0,60.0,as_loaded_from_eeglab,42,5000,165,5000,1e-06,True,92.7213182450505,92.7213182450505,,19.710027443382366,4.927506860845591,0.143588454655978,0.026896532756074565,18.73168202869491,1.5625,12.5,28.125,9.375,46.875,2.946882551768192e-15,scripts\cc_benchmark\results\v3_paper_stage1_cluster\benchmark_sub-02_hp1.0hz_fastica_cpu.json,ok,sensitivity_only,
ds004505,sub-02,sub-02__infomax_cpu,Infomax,infomax,cpu,fc20643,1364633,90.97553333333333,250.0,270,120,64,120,94.76618055555555,333.162353515625,1.0,100.0,60.0,as_loaded_from_eeglab,42,5000,5000,5000,1e-07,False,2154.5346599500626,2154.5346599500626,,19.962553114468236,4.990638278617059,0.143588454655978,0.026673202681818897,18.576147187965027,3.125,14.0625,25.0,9.375,46.875,2.2793660518655106e-15,scripts\cc_benchmark\results\v3_paper_stage1_cluster\benchmark_sub-02_hp1.0hz_infomax_cpu.json,ok,sensitivity_only,
ds004505,sub-02,sub-02__jax_cpu,AMICA-Python (JAX-CPU),jax,cpu,fc30554,1364633,90.97553333333333,250.0,270,120,64,120,94.76618055555555,333.162353515625,1.0,100.0,60.0,as_loaded_from_eeglab,42,3000,3000,3000,,False,20840.929071444087,20840.929071444087,,22.96526043129297,5.741315107823242,0.143588454655978,0.026867012790298385,18.71112329655526,1.5625,10.9375,28.125,9.375,46.875,2.7731313212198652e-15,scripts\cc_benchmark\results\v3_paper_stage1_cluster\benchmark_sub-02_hp1.0hz_jax_cpu.json,ok,sensitivity_only,
ds004505,sub-02,sub-02__jax_gpu,AMICA-Python (JAX-GPU),jax,gpu,fc10411,1364633,90.97553333333333,250.0,270,120,64,120,94.76618055555555,333.162353515625,1.0,100.0,60.0,as_loaded_from_eeglab,42,3000,3000,3000,,False,161.10523162805475,161.10523162805475,,22.965786218691292,5.741446554672823,0.143588454655978,0.026869463121374944,18.7128297924448,1.5625,10.9375,29.6875,9.375,46.875,4.231005672134642e-15,scripts\cc_benchmark\results\v3_paper_stage1_cluster\benchmark_sub-02_hp1.0hz_jax_gpu.json,ok,sensitivity_only,
ds004505,sub-02,sub-02__numpy_cpu,AMICA-Python (NumPy-CPU),numpy,cpu,fc30665,1364633,90.97553333333333,250.0,270,120,64,120,94.76618055555555,333.162353515625,1.0,100.0,60.0,as_loaded_from_eeglab,42,3000,3000,3000,,False,30960.460043763043,30960.460043763043,,22.966474775693506,5.741618693923376,0.143588454655978,0.02686222559156731,18.707789324654424,1.5625,10.9375,29.6875,9.375,46.875,2.528150143676358e-15,scripts\cc_benchmark\results\v3_paper_stage1_cluster\benchmark_sub-02_hp1.0hz_numpy_cpu.json,ok,sensitivity_only,
ds004505,sub-02,sub-02__picard_cpu,Picard,picard,cpu,fc30441,1364633,90.97553333333333,250.0,270,120,64,120,94.76618055555555,333.162353515625,1.0,100.0,60.0,as_loaded_from_eeglab,42,5000,58,5000,1e-06,True,209.21744250599295,209.21744250599295,,20.007853345079056,5.001963336269764,0.143588454655978,0.02676951512970035,18.64322253055591,1.5625,10.9375,26.5625,9.375,46.875,2.3318550309299263e-15,scripts\cc_benchmark\results\v3_paper_stage1_cluster\benchmark_sub-02_hp1.0hz_picard_cpu.json,ok,sensitivity_only,
ds004505,sub-03,sub-03__fastica_cpu,FastICA,fastica,cpu,fc20130,1099796,73.31973333333333,250.0,270,120,64,120,76.37472222222222,268.5048828125,1.0,100.0,60.0,as_loaded_from_eeglab,42,5000,325,5000,1e-06,True,152.40595260297414,152.40595260297414,,17.197966234621298,4.299491558655324,0.14153046658156163,0.030642938609732596,21.65112526642706,0.0,6.25,17.1875,4.6875,73.4375,3.1067474444388417e-15,scripts\cc_benchmark\results\v3_paper_stage1_cluster\benchmark_sub-03_hp1.0hz_fastica_cpu.json,ok,sensitivity_only,
ds004505,sub-03,sub-03__infomax_cpu,Infomax,infomax,cpu,fc20646,1099796,73.31973333333333,250.0,270,120,64,120,76.37472222222222,268.5048828125,1.0,100.0,60.0,as_loaded_from_eeglab,42,5000,5000,5000,1e-07,False,67.0812536260346,67.0812536260346,,17.41690917923068,4.35422729480767,0.14153046658156163,0.03065276955962126,21.658071438601937,0.0,6.25,14.0625,4.6875,75.0,2.6222152214285655e-15,scripts\cc_benchmark\results\v3_paper_stage1_cluster\benchmark_sub-03_hp1.0hz_infomax_cpu.json,ok,sensitivity_only,
ds004505,sub-03,sub-03__jax_cpu,AMICA-Python (JAX-CPU),jax,cpu,fc30340,1099796,73.31973333333333,250.0,270,120,64,120,76.37472222222222,268.5048828125,1.0,100.0,60.0,as_loaded_from_eeglab,42,3000,3000,3000,,False,19139.430331017007,19139.430331017007,,19.38274710858015,4.845686777145038,0.14153046658156163,0.031310716657782046,22.122951625923033,1.5625,4.6875,14.0625,3.125,73.4375,2.8457057349123475e-15,scripts\cc_benchmark\results\v3_paper_stage1_cluster\benchmark_sub-03_hp1.0hz_jax_cpu.json,ok,sensitivity_only,
ds004505,sub-03,sub-03__jax_gpu,AMICA-Python (JAX-GPU),jax,gpu,fc10505,1099796,73.31973333333333,250.0,270,120,64,120,76.37472222222222,268.5048828125,1.0,100.0,60.0,as_loaded_from_eeglab,42,3000,3000,3000,,False,118.23362172907218,118.23362172907218,,19.384454011153185,4.846113502788296,0.14153046658156163,0.03131291617261617,22.12450571875354,1.5625,4.6875,14.0625,3.125,73.4375,2.7780323724131337e-15,scripts\cc_benchmark\results\v3_paper_stage1_cluster\benchmark_sub-03_hp1.0hz_jax_gpu.json,ok,sensitivity_only,
ds004505,sub-03,sub-03__numpy_cpu,AMICA-Python (NumPy-CPU),numpy,cpu,fc30667,1099796,73.31973333333333,250.0,270,120,64,120,76.37472222222222,268.5048828125,1.0,100.0,60.0,as_loaded_from_eeglab,42,3000,3000,3000,,False,29486.751454479992,29486.751454479992,,19.383354870448798,4.8458387176121995,0.14153046658156163,0.031313294451817165,22.124772996329973,1.5625,4.6875,14.0625,3.125,73.4375,2.797474699090566e-15,scripts\cc_benchmark\results\v3_paper_stage1_cluster\benchmark_sub-03_hp1.0hz_numpy_cpu.json,ok,sensitivity_only,
ds004505,sub-03,sub-03__picard_cpu,Picard,picard,cpu,fc30449,1099796,73.31973333333333,250.0,270,120,64,120,76.37472222222222,268.5048828125,1.0,100.0,60.0,as_loaded_from_eeglab,42,5000,55,5000,1e-06,True,142.24736071994994,142.24736071994994,,17.413823201357516,4.353455800339379,0.14153046658156163,0.030639329393231933,21.64857513246097,0.0,6.25,14.0625,4.6875,75.0,2.7219439426167553e-15,scripts\cc_benchmark\results\v3_paper_stage1_cluster\benchmark_sub-03_hp1.0hz_picard_cpu.json,ok,sensitivity_only,
ds004505,sub-04,sub-04__fastica_cpu,FastICA,fastica,cpu,fc20130,1057036,70.46906666666668,250.0,270,120,64,120,73.40527777777778,258.0654296875,1.0,100.0,60.0,as_loaded_from_eeglab,42,5000,293,5000,1e-06,True,141.63241880794521,141.63241880794521,,15.980510874699874,3.9951277186749685,0.12586135363672624,0.025789731008153752,20.490587668865125,1.5625,10.9375,20.3125,6.25,60.9375,2.902264427565416e-15,scripts\cc_benchmark\results\v3_paper_stage1_cluster\benchmark_sub-04_hp1.0hz_fastica_cpu.json,ok,sensitivity_only,
ds004505,sub-04,sub-04__infomax_cpu,Infomax,infomax,cpu,fc30103,1057036,70.46906666666668,250.0,270,120,64,120,73.40527777777778,258.0654296875,1.0,100.0,60.0,as_loaded_from_eeglab,42,5000,5000,5000,1e-07,False,84.09875225601718,84.09875225601718,,16.04404450466059,4.0110111261651475,0.12586135363672624,0.02575115928604038,20.45994146890076,1.5625,10.9375,21.875,4.6875,60.9375,2.592937134926376e-15,scripts\cc_benchmark\results\v3_paper_stage1_cluster\benchmark_sub-04_hp1.0hz_infomax_cpu.json,ok,sensitivity_only,
ds004505,sub-04,sub-04__jax_cpu,AMICA-Python (JAX-CPU),jax,cpu,fc30558,1057036,70.46906666666668,250.0,270,120,64,120,73.40527777777778,258.0654296875,1.0,100.0,60.0,as_loaded_from_eeglab,42,3000,3000,3000,,False,27032.688470802037,27032.688470802037,,17.305149091855256,4.326287272963814,0.12586135363672624,0.025887006364713132,20.567875377719858,1.5625,10.9375,25.0,4.6875,57.8125,3.3215805502114152e-15,scripts\cc_benchmark\results\v3_paper_stage1_cluster\benchmark_sub-04_hp1.0hz_jax_cpu.json,ok,sensitivity_only,
ds004505,sub-04,sub-04__jax_gpu,AMICA-Python (JAX-GPU),jax,gpu,fc10411,1057036,70.46906666666668,250.0,270,120,64,120,73.40527777777778,258.0654296875,1.0,100.0,60.0,as_loaded_from_eeglab,42,3000,3000,3000,,False,114.72354868997354,114.72354868997354,,17.30598451752587,4.326496129381468,0.12586135363672624,0.025888603009080195,20.569143951687106,1.5625,10.9375,25.0,4.6875,57.8125,2.5451326663012824e-15,scripts\cc_benchmark\results\v3_paper_stage1_cluster\benchmark_sub-04_hp1.0hz_jax_gpu.json,ok,sensitivity_only,
ds004505,sub-04,sub-04__numpy_cpu,AMICA-Python (NumPy-CPU),numpy,cpu,fc30425,1057036,70.46906666666668,250.0,270,120,64,120,73.40527777777778,258.0654296875,1.0,100.0,60.0,as_loaded_from_eeglab,42,3000,3000,3000,,False,25489.856625411077,25489.856625411077,,17.30583720338327,4.326459300845817,0.12586135363672624,0.0258814976592579,20.563498573167816,1.5625,10.9375,25.0,4.6875,57.8125,2.270888482256383e-15,scripts\cc_benchmark\results\v3_paper_stage1_cluster\benchmark_sub-04_hp1.0hz_numpy_cpu.json,ok,sensitivity_only,
ds004505,sub-04,sub-04__picard_cpu,Picard,picard,cpu,fc30449,1057036,70.46906666666668,250.0,270,120,64,120,73.40527777777778,258.0654296875,1.0,100.0,60.0,as_loaded_from_eeglab,42,5000,62,5000,1e-06,True,150.064489366021,150.064489366021,,16.04486485563254,4.011216213908135,0.12586135363672624,0.025767943210955945,20.473276717911354,1.5625,10.9375,21.875,4.6875,60.9375,2.5107746217440945e-15,scripts\cc_benchmark\results\v3_paper_stage1_cluster\benchmark_sub-04_hp1.0hz_picard_cpu.json,ok,sensitivity_only,
ds004505,sub-05,sub-05__fastica_cpu,FastICA,fastica,cpu,fc20130,1038926,69.26173333333332,250.0,313,120,64,120,72.14763888888889,253.64404296875,1.0,100.0,60.0,as_loaded_from_eeglab,42,5000,578,5000,1e-06,True,221.81137157895137,221.81137157895137,,23.729837021347464,5.932459255336866,0.16510055841657517,0.03246803790165857,19.66561361938977,4.6875,9.375,25.0,7.8125,64.0625,2.9463441025593414e-15,scripts\cc_benchmark\results\v3_paper_stage1_cluster\benchmark_sub-05_hp1.0hz_fastica_cpu.json,ok,sensitivity_only,
ds004505,sub-05,sub-05__infomax_cpu,Infomax,infomax,cpu,fc30103,1038926,69.26173333333332,250.0,313,120,64,120,72.14763888888889,253.64404296875,1.0,100.0,60.0,as_loaded_from_eeglab,42,5000,5000,5000,1e-07,False,66.22365255199838,66.22365255199838,,23.904303622978006,5.976075905744501,0.16510055841657517,0.03247104561720915,19.667435367044305,4.6875,10.9375,25.0,7.8125,64.0625,2.678756937378338e-15,scripts\cc_benchmark\results\v3_paper_stage1_cluster\benchmark_sub-05_hp1.0hz_infomax_cpu.json,ok,sensitivity_only,
ds004505,sub-05,sub-05__jax_cpu,AMICA-Python (JAX-CPU),jax,cpu,fc30269,1038926,69.26173333333332,250.0,313,120,64,120,72.14763888888889,253.64404296875,1.0,100.0,60.0,as_loaded_from_eeglab,42,3000,3000,3000,,False,18122.958418641007,18122.958418641007,,27.416880283539477,6.854220070884869,0.16510055841657517,0.03325446823529956,20.14194776458188,4.6875,7.8125,26.5625,9.375,62.5,2.703794693518538e-15,scripts\cc_benchmark\results\v3_paper_stage1_cluster\benchmark_sub-05_hp1.0hz_jax_cpu.json,ok,sensitivity_only,
ds004505,sub-05,sub-05__jax_gpu,AMICA-Python (JAX-GPU),jax,gpu,fc10505,1038926,69.26173333333332,250.0,313,120,64,120,72.14763888888889,253.64404296875,1.0,100.0,60.0,as_loaded_from_eeglab,42,3000,3000,3000,,False,125.81658385298215,125.81658385298215,,27.409884393729058,6.8524710984322645,0.16510055841657517,0.03325551108578661,20.14257941022684,4.6875,7.8125,26.5625,9.375,62.5,2.4878076824302167e-15,scripts\cc_benchmark\results\v3_paper_stage1_cluster\benchmark_sub-05_hp1.0hz_jax_gpu.json,ok,sensitivity_only,
ds004505,sub-05,sub-05__numpy_cpu,AMICA-Python (NumPy-CPU),numpy,cpu,fc30456,1038926,69.26173333333332,250.0,313,120,64,120,72.14763888888889,253.64404296875,1.0,100.0,60.0,as_loaded_from_eeglab,42,3000,3000,3000,,False,26274.28406813601,26274.28406813601,,27.407479356061494,6.851869839015373,0.16510055841657517,0.033259973137166575,20.14528203668841,4.6875,7.8125,26.5625,9.375,62.5,2.8044543832664664e-15,scripts\cc_benchmark\results\v3_paper_stage1_cluster\benchmark_sub-05_hp1.0hz_numpy_cpu.json,ok,sensitivity_only,
ds004505,sub-05,sub-05__picard_cpu,Picard,picard,cpu,fc30467,1038926,69.26173333333332,250.0,313,120,64,120,72.14763888888889,253.64404296875,1.0,100.0,60.0,as_loaded_from_eeglab,42,5000,63,5000,1e-06,True,181.09673671098426,181.09673671098426,,24.24019616638968,6.06004904159742,0.16510055841657517,0.032420885297136465,19.637053689021073,4.6875,10.9375,25.0,7.8125,64.0625,2.567247078408645e-15,scripts\cc_benchmark\results\v3_paper_stage1_cluster\benchmark_sub-05_hp1.0hz_picard_cpu.json,ok,sensitivity_only,
ds004505,sub-06,sub-06__fastica_cpu,FastICA,fastica,cpu,fc20130,1042909,69.52726666666668,250.0,313,120,64,120,72.42423611111111,254.616455078125,1.0,100.0,60.0,as_loaded_from_eeglab,42,5000,217,5000,1e-06,True,103.63614715693984,103.63614715693984,,13.563785812909103,3.3909464532272757,0.13236703038818917,0.031458968835773114,23.766468692025693,1.5625,3.125,10.9375,10.9375,56.25,2.9170695752766286e-15,scripts\cc_benchmark\results\v3_paper_stage1_cluster\benchmark_sub-06_hp1.0hz_fastica_cpu.json,ok,sensitivity_only,
ds004505,sub-06,sub-06__infomax_cpu,Infomax,infomax,cpu,fc30103,1042909,69.52726666666668,250.0,313,120,64,120,72.42423611111111,254.616455078125,1.0,100.0,60.0,as_loaded_from_eeglab,42,5000,5000,5000,1e-07,False,77.90118067990988,77.90118067990988,,13.716154612300485,3.4290386530751213,0.13236703038818917,0.03140639831359376,23.72675296974562,1.5625,4.6875,12.5,12.5,51.5625,2.6231369522336265e-15,scripts\cc_benchmark\results\v3_paper_stage1_cluster\benchmark_sub-06_hp1.0hz_infomax_cpu.json,ok,sensitivity_only,
ds004505,sub-06,sub-06__jax_cpu,AMICA-Python (JAX-CPU),jax,cpu,fc30325,1042909,69.52726666666668,250.0,313,120,64,120,72.42423611111111,254.616455078125,1.0,100.0,60.0,as_loaded_from_eeglab,42,3000,3000,3000,,False,18894.04568098404,18894.04568098404,,15.297728596959146,3.8244321492397866,0.13236703038818917,0.032256999606167444,24.369361095106708,0.0,6.25,17.1875,10.9375,50.0,2.831062708312305e-15,scripts\cc_benchmark\results\v3_paper_stage1_cluster\benchmark_sub-06_hp1.0hz_jax_cpu.json,ok,sensitivity_only,
ds004505,sub-06,sub-06__jax_gpu,AMICA-Python (JAX-GPU),jax,gpu,fc10411,1042909,69.52726666666668,250.0,313,120,64,120,72.42423611111111,254.616455078125,1.0,100.0,60.0,as_loaded_from_eeglab,42,3000,3000,3000,,False,126.66148128197528,126.66148128197528,,15.296581773357502,3.8241454433393756,0.13236703038818917,0.032257386374608614,24.369653289046568,0.0,6.25,17.1875,10.9375,50.0,2.5143698529527418e-15,scripts\cc_benchmark\results\v3_paper_stage1_cluster\benchmark_sub-06_hp1.0hz_jax_gpu.json,ok,sensitivity_only,
ds004505,sub-06,sub-06__numpy_cpu,AMICA-Python (NumPy-CPU),numpy,cpu,fc20671,1042909,69.52726666666668,250.0,313,120,64,120,72.42423611111111,254.616455078125,1.0,100.0,60.0,as_loaded_from_eeglab,42,3000,3000,3000,,False,27521.346850289963,27521.346850289963,,15.294180403289666,3.8235451008224164,0.13236703038818917,0.032262328034873194,24.3733865904964,0.0,6.25,17.1875,10.9375,50.0,2.471117479959828e-15,scripts\cc_benchmark\results\v3_paper_stage1_cluster\benchmark_sub-06_hp1.0hz_numpy_cpu.json,ok,sensitivity_only,
ds004505,sub-06,sub-06__picard_cpu,Picard,picard,cpu,fc30467,1042909,69.52726666666668,250.0,313,120,64,120,72.42423611111111,254.616455078125,1.0,100.0,60.0,as_loaded_from_eeglab,42,5000,58,5000,1e-06,True,106.57528432307299,106.57528432307299,,13.727184467801457,3.4317961169503644,0.13236703038818917,0.03140686690520269,23.727106979054096,1.5625,4.6875,12.5,12.5,51.5625,2.375267519252993e-15,scripts\cc_benchmark\results\v3_paper_stage1_cluster\benchmark_sub-06_hp1.0hz_picard_cpu.json,ok,sensitivity_only,
ds004505,sub-07,sub-07__fastica_cpu,FastICA,fastica,cpu,fc20130,1174503,78.30019999999999,250.0,299,120,64,120,81.56270833333333,286.743896484375,1.0,100.0,60.0,as_loaded_from_eeglab,42,5000,287,5000,1e-06,True,145.99729175993707,145.99729175993707,,11.974627242415174,2.9936568106037935,0.15120212334502373,0.028418030467866614,18.794729755891282,1.5625,10.9375,28.125,6.25,45.3125,2.68437499477589e-15,scripts\cc_benchmark\results\v3_paper_stage1_cluster\benchmark_sub-07_hp1.0hz_fastica_cpu.json,ok,sensitivity_only,
ds004505,sub-07,sub-07__infomax_cpu,Infomax,infomax,cpu,fc30103,1174503,78.30019999999999,250.0,299,120,64,120,81.56270833333333,286.743896484375,1.0,100.0,60.0,as_loaded_from_eeglab,42,5000,5000,5000,1e-07,False,74.8156089130789,74.8156089130789,,11.970336241699968,2.992584060424992,0.15120212334502373,0.028288616965485222,18.70914001712413,3.125,12.5,26.5625,7.8125,45.3125,2.7224322660784434e-15,scripts\cc_benchmark\results\v3_paper_stage1_cluster\benchmark_sub-07_hp1.0hz_infomax_cpu.json,ok,sensitivity_only,
ds004505,sub-07,sub-07__jax_cpu,AMICA-Python (JAX-CPU),jax,cpu,fc30561,1174503,78.30019999999999,250.0,299,120,64,120,81.56270833333333,286.743896484375,1.0,100.0,60.0,as_loaded_from_eeglab,42,3000,3000,3000,,False,26843.314706798992,26843.314706798992,,13.988886006304568,3.497221501576142,0.15120212334502373,0.028654494823144007,18.95111932903095,3.125,9.375,31.25,6.25,42.1875,2.7492178807008044e-15,scripts\cc_benchmark\results\v3_paper_stage1_cluster\benchmark_sub-07_hp1.0hz_jax_cpu.json,ok,sensitivity_only,
ds004505,sub-07,sub-07__jax_gpu,AMICA-Python (JAX-GPU),jax,gpu,fc10505,1174503,78.30019999999999,250.0,299,120,64,120,81.56270833333333,286.743896484375,1.0,100.0,60.0,as_loaded_from_eeglab,42,3000,3000,3000,,False,139.25024606706575,139.25024606706575,,13.988638099234663,3.497159524808666,0.15120212334502373,0.02865513269718257,18.951541197470657,3.125,10.9375,31.25,6.25,42.1875,2.5646286169446505e-15,scripts\cc_benchmark\results\v3_paper_stage1_cluster\benchmark_sub-07_hp1.0hz_jax_gpu.json,ok,sensitivity_only,
ds004505,sub-07,sub-07__numpy_cpu,AMICA-Python (NumPy-CPU),numpy,cpu,fc20671,1174503,78.30019999999999,250.0,299,120,64,120,81.56270833333333,286.743896484375,1.0,100.0,60.0,as_loaded_from_eeglab,42,3000,3000,3000,,False,28760.52053866291,28760.52053866291,,13.988220901405228,3.497055225351307,0.15120212334502373,0.02865124713277187,18.948971415826897,3.125,9.375,31.25,6.25,42.1875,2.7320291279406432e-15,scripts\cc_benchmark\results\v3_paper_stage1_cluster\benchmark_sub-07_hp1.0hz_numpy_cpu.json,ok,sensitivity_only,
ds004505,sub-07,sub-07__picard_cpu,Picard,picard,cpu,fc30468,1174503,78.30019999999999,250.0,299,120,64,120,81.56270833333333,286.743896484375,1.0,100.0,60.0,as_loaded_from_eeglab,42,5000,82,5000,1e-06,True,198.94129206996877,198.94129206996877,,11.964198964853239,2.9910497412133097,0.15120212334502373,0.0283374412964992,18.741430787871156,3.125,12.5,29.6875,7.8125,45.3125,3.3549626097148863e-15,scripts\cc_benchmark\results\v3_paper_stage1_cluster\benchmark_sub-07_hp1.0hz_picard_cpu.json,ok,sensitivity_only,
ds004505,sub-08,sub-08__fastica_cpu,FastICA,fastica,cpu,fc20130,1159910,77.32733333333334,250.0,299,120,64,120,80.54930555555555,283.18115234375,1.0,100.0,60.0,as_loaded_from_eeglab,42,5000,277,5000,1e-06,True,142.90366734808777,142.90366734808777,,8.77420816139621,2.1935520403490525,0.10868792562065961,0.025865309799569646,23.797776663660162,0.0,3.125,20.3125,4.6875,68.75,2.8600259968694694e-15,scripts\cc_benchmark\results\v3_paper_stage1_cluster\benchmark_sub-08_hp1.0hz_fastica_cpu.json,ok,sensitivity_only,
ds004505,sub-08,sub-08__infomax_cpu,Infomax,infomax,cpu,fc30213,1159910,77.32733333333334,250.0,299,120,64,120,80.54930555555555,283.18115234375,1.0,100.0,60.0,as_loaded_from_eeglab,42,5000,5000,5000,1e-07,False,154.8163814659929,154.8163814659929,,8.63070179349782,2.157675448374455,0.10868792562065961,0.025670389092692727,23.618436865091155,0.0,4.6875,17.1875,6.25,65.625,2.9539450778470123e-15,scripts\cc_benchmark\results\v3_paper_stage1_cluster\benchmark_sub-08_hp1.0hz_infomax_cpu.json,ok,sensitivity_only,
ds004505,sub-08,sub-08__jax_cpu,AMICA-Python (JAX-CPU),jax,cpu,fc30657,1159910,77.32733333333334,250.0,299,120,64,120,80.54930555555555,283.18115234375,1.0,100.0,60.0,as_loaded_from_eeglab,42,3000,3000,3000,,False,21171.967850191053,21171.967850191053,,10.369884175031721,2.5924710437579304,0.10868792562065961,0.026227452288427613,24.130971438323456,0.0,3.125,18.75,6.25,67.1875,2.8438364585266843e-15,scripts\cc_benchmark\results\v3_paper_stage1_cluster\benchmark_sub-08_hp1.0hz_jax_cpu.json,ok,sensitivity_only,
ds004505,sub-08,sub-08__jax_gpu,AMICA-Python (JAX-GPU),jax,gpu,fc10411,1159910,77.32733333333334,250.0,299,120,64,120,80.54930555555555,283.18115234375,1.0,100.0,60.0,as_loaded_from_eeglab,42,3000,3000,3000,,False,140.7641920389142,140.7641920389142,,10.367419120392626,2.5918547800981564,0.10868792562065961,0.02622142224009981,24.125423399483477,0.0,3.125,18.75,6.25,67.1875,3.1682573567994272e-15,scripts\cc_benchmark\results\v3_paper_stage1_cluster\benchmark_sub-08_hp1.0hz_jax_gpu.json,ok,sensitivity_only,
ds004505,sub-08,sub-08__numpy_cpu,AMICA-Python (NumPy-CPU),numpy,cpu,fc30340,1159910,77.32733333333334,250.0,299,120,64,120,80.54930555555555,283.18115234375,1.0,100.0,60.0,as_loaded_from_eeglab,42,3000,3000,3000,,False,34056.67112166202,34056.67112166202,,10.371721538462424,2.592930384615606,0.10868792562065961,0.026225020973554974,24.128734469627297,0.0,3.125,18.75,6.25,67.1875,2.561846294001957e-15,scripts\cc_benchmark\results\v3_paper_stage1_cluster\benchmark_sub-08_hp1.0hz_numpy_cpu.json,ok,sensitivity_only,
ds004505,sub-08,sub-08__picard_cpu,Picard,picard,cpu,fc30470,1159910,77.32733333333334,250.0,299,120,64,120,80.54930555555555,283.18115234375,1.0,100.0,60.0,as_loaded_from_eeglab,42,5000,75,5000,1e-06,True,161.43132537801284,161.43132537801284,,8.880374000977788,2.220093500244447,0.10868792562065961,0.02581165841661813,23.748413882426515,0.0,3.125,17.1875,4.6875,68.75,3.158140446752985e-15,scripts\cc_benchmark\results\v3_paper_stage1_cluster\benchmark_sub-08_hp1.0hz_picard_cpu.json,ok,sensitivity_only,
ds004505,sub-09,sub-09__fastica_cpu,FastICA,fastica,cpu,fc20130,1146679,76.44526666666667,250.0,312,120,64,120,79.63048611111111,279.950927734375,1.0,100.0,60.0,as_loaded_from_eeglab,42,5000,195,5000,1e-06,True,98.73255161300767,98.73255161300767,,17.440463838050313,4.360115959512578,0.13287933285642092,0.03535553108899013,26.60724608483139,3.125,4.6875,18.75,7.8125,37.5,2.9397857028302578e-15,scripts\cc_benchmark\results\v3_paper_stage1_cluster\benchmark_sub-09_hp1.0hz_fastica_cpu.json,ok,sensitivity_only,
ds004505,sub-09,sub-09__infomax_cpu,Infomax,infomax,cpu,fc30213,1146679,76.44526666666667,250.0,312,120,64,120,79.63048611111111,279.950927734375,1.0,100.0,60.0,as_loaded_from_eeglab,42,5000,5000,5000,1e-07,False,92.07529744703788,92.07529744703788,,17.73654104807903,4.434135262019757,0.13287933285642092,0.03531882599477393,26.579623208175423,3.125,4.6875,18.75,9.375,32.8125,2.7052827055386e-15,scripts\cc_benchmark\results\v3_paper_stage1_cluster\benchmark_sub-09_hp1.0hz_infomax_cpu.json,ok,sensitivity_only,
ds004505,sub-09,sub-09__jax_cpu,AMICA-Python (JAX-CPU),jax,cpu,fc30561,1146679,76.44526666666667,250.0,312,120,64,120,79.63048611111111,279.950927734375,1.0,100.0,60.0,as_loaded_from_eeglab,42,3000,2944,3000,,True,26106.265071347938,26106.265071347938,,19.969355619754737,4.992338904938684,0.13287933285642092,0.036688608126625596,27.610469843544784,3.125,6.25,28.125,6.25,31.25,2.8508418431425486e-15,scripts\cc_benchmark\results\v3_paper_stage1_cluster\benchmark_sub-09_hp1.0hz_jax_cpu.json,ok,sensitivity_only,
ds004505,sub-09,sub-09__jax_gpu,AMICA-Python (JAX-GPU),jax,gpu,fc10505,1146679,76.44526666666667,250.0,312,120,64,120,79.63048611111111,279.950927734375,1.0,100.0,60.0,as_loaded_from_eeglab,42,3000,3000,3000,,False,134.86553124897182,134.86553124897182,,19.9697977820464,4.9924494455116,0.13287933285642092,0.036690894049282,27.612190143163442,3.125,6.25,28.125,6.25,31.25,2.832747284979018e-15,scripts\cc_benchmark\results\v3_paper_stage1_cluster\benchmark_sub-09_hp1.0hz_jax_gpu.json,ok,sensitivity_only,
ds004505,sub-09,sub-09__numpy_cpu,AMICA-Python (NumPy-CPU),numpy,cpu,fc30564,1146679,76.44526666666667,250.0,312,120,64,120,79.63048611111111,279.950927734375,1.0,100.0,60.0,as_loaded_from_eeglab,42,3000,3000,3000,,False,29408.176465632045,29408.176465632045,,19.970166992523136,4.992541748130784,0.13287933285642092,0.03669081802278994,27.61213292847819,3.125,6.25,28.125,6.25,31.25,2.902702135281964e-15,scripts\cc_benchmark\results\v3_paper_stage1_cluster\benchmark_sub-09_hp1.0hz_numpy_cpu.json,ok,sensitivity_only,
ds004505,sub-09,sub-09__picard_cpu,Picard,picard,cpu,fc30470,1146679,76.44526666666667,250.0,312,120,64,120,79.63048611111111,279.950927734375,1.0,100.0,60.0,as_loaded_from_eeglab,42,5000,63,5000,1e-06,True,135.81836612790357,135.81836612790357,,17.725894977312855,4.431473744328214,0.13287933285642092,0.03530675605076264,26.570539821201823,3.125,4.6875,18.75,9.375,34.375,3.0121704218485682e-15,scripts\cc_benchmark\results\v3_paper_stage1_cluster\benchmark_sub-09_hp1.0hz_picard_cpu.json,ok,sensitivity_only,
ds004505,sub-10,sub-10__fastica_cpu,FastICA,fastica,cpu,fc20130,1139466,75.9644,250.0,312,120,64,120,79.12958333333333,278.18994140625,1.0,100.0,60.0,as_loaded_from_eeglab,42,5000,117,5000,1e-06,True,72.98222819704097,72.98222819704097,,21.214094329673223,5.303523582418306,0.15767643743531257,0.030365260155759223,19.257956768725638,4.6875,6.25,23.4375,6.25,40.625,2.3535905304444533e-15,scripts\cc_benchmark\results\v3_paper_stage1_cluster\benchmark_sub-10_hp1.0hz_fastica_cpu.json,ok,sensitivity_only,
ds004505,sub-10,sub-10__infomax_cpu,Infomax,infomax,cpu,fc30218,1139466,75.9644,250.0,312,120,64,120,79.12958333333333,278.18994140625,1.0,100.0,60.0,as_loaded_from_eeglab,42,5000,5000,5000,1e-07,False,99.5768435880309,99.5768435880309,,21.544015040217673,5.386003760054418,0.15767643743531257,0.030272082478252818,19.198862538146876,4.6875,6.25,25.0,6.25,42.1875,2.264776411609521e-15,scripts\cc_benchmark\results\v3_paper_stage1_cluster\benchmark_sub-10_hp1.0hz_infomax_cpu.json,ok,sensitivity_only,
ds004505,sub-10,sub-10__jax_cpu,AMICA-Python (JAX-CPU),jax,cpu,fc30566,1139466,75.9644,250.0,312,120,64,120,79.12958333333333,278.18994140625,1.0,100.0,60.0,as_loaded_from_eeglab,42,3000,3000,3000,,False,25947.20072843798,25947.20072843798,,24.69350766919735,6.173376917299337,0.15767643743531257,0.030559518389428175,19.381157315889602,3.125,6.25,20.3125,4.6875,40.625,2.3232298827935242e-15,scripts\cc_benchmark\results\v3_paper_stage1_cluster\benchmark_sub-10_hp1.0hz_jax_cpu.json,ok,sensitivity_only,
ds004505,sub-10,sub-10__jax_gpu,AMICA-Python (JAX-GPU),jax,gpu,fc10410,1139466,75.9644,250.0,312,120,64,120,79.12958333333333,278.18994140625,1.0,100.0,60.0,as_loaded_from_eeglab,42,3000,3000,3000,,False,177.56723485293332,177.56723485293332,,24.692464106009474,6.173116026502369,0.15767643743531257,0.030562516356930056,19.383058657364998,3.125,6.25,20.3125,4.6875,40.625,2.510185185713336e-15,scripts\cc_benchmark\results\v3_paper_stage1_cluster\benchmark_sub-10_hp1.0hz_jax_gpu.json,ok,sensitivity_only,
ds004505,sub-10,sub-10__numpy_cpu,AMICA-Python (NumPy-CPU),numpy,cpu,fc30571,1139466,75.9644,250.0,312,120,64,120,79.12958333333333,278.18994140625,1.0,100.0,60.0,as_loaded_from_eeglab,42,3000,3000,3000,,False,32121.96244959603,32121.96244959603,,24.69254374833537,6.173135937083843,0.15767643743531257,0.03056441743225388,19.384264338667002,3.125,6.25,20.3125,4.6875,40.625,2.3572196263602657e-15,scripts\cc_benchmark\results\v3_paper_stage1_cluster\benchmark_sub-10_hp1.0hz_numpy_cpu.json,ok,sensitivity_only,
ds004505,sub-10,sub-10__picard_cpu,Picard,picard,cpu,fc30471,1139466,75.9644,250.0,312,120,64,120,79.12958333333333,278.18994140625,1.0,100.0,60.0,as_loaded_from_eeglab,42,5000,60,5000,1e-06,True,139.86411853297614,139.86411853297614,,21.548173251244854,5.387043312811214,0.15767643743531257,0.030262186632105118,19.192586491891227,4.6875,7.8125,26.5625,6.25,42.1875,2.4304332741664936e-15,scripts\cc_benchmark\results\v3_paper_stage1_cluster\benchmark_sub-10_hp1.0hz_picard_cpu.json,ok,sensitivity_only,
ds004505,sub-11,sub-11__fastica_cpu,FastICA,fastica,cpu,fc20130,1104857,73.65713333333333,250.0,313,120,64,120,76.72618055555556,269.740478515625,1.0,100.0,60.0,as_loaded_from_eeglab,42,5000,197,5000,1e-06,True,113.18202777695842,113.18202777695842,,10.541024586329797,2.6352561465824493,0.1568374701576418,0.023904490234380005,15.241568363958514,4.6875,12.5,26.5625,6.25,40.625,3.1881625232796983e-15,scripts\cc_benchmark\results\v3_paper_stage1_cluster\benchmark_sub-11_hp1.0hz_fastica_cpu.json,ok,sensitivity_only,
ds004505,sub-11,sub-11__infomax_cpu,Infomax,infomax,cpu,fc30611,1104857,73.65713333333333,250.0,313,120,64,120,76.72618055555556,269.740478515625,1.0,100.0,60.0,as_loaded_from_eeglab,42,5000,5000,5000,1e-07,False,63.345268697012216,63.345268697012216,,10.64748701604735,2.6618717540118375,0.1568374701576418,0.0238566106090598,15.211040183880066,4.6875,12.5,31.25,4.6875,39.0625,2.4986010464127925e-15,scripts\cc_benchmark\results\v3_paper_stage1_cluster\benchmark_sub-11_hp1.0hz_infomax_cpu.json,ok,sensitivity_only,
ds004505,sub-11,sub-11__jax_cpu,AMICA-Python (JAX-CPU),jax,cpu,fc30566,1104857,73.65713333333333,250.0,313,120,64,120,76.72618055555556,269.740478515625,1.0,100.0,60.0,as_loaded_from_eeglab,42,3000,3000,3000,,False,26404.467809978058,26404.467809978058,,11.807975813999533,2.9519939534998834,0.1568374701576418,0.0239447772019316,15.267255444674046,3.125,10.9375,28.125,6.25,42.1875,2.4760350254824977e-15,scripts\cc_benchmark\results\v3_paper_stage1_cluster\benchmark_sub-11_hp1.0hz_jax_cpu.json,ok,sensitivity_only,
ds004505,sub-11,sub-11__jax_gpu,AMICA-Python (JAX-GPU),jax,gpu,fc10411,1104857,73.65713333333333,250.0,313,120,64,120,76.72618055555556,269.740478515625,1.0,100.0,60.0,as_loaded_from_eeglab,42,3000,3000,3000,,False,134.9912446879316,134.9912446879316,,11.806353537955061,2.9515883844887654,0.1568374701576418,0.023939583367476966,15.263943841618083,3.125,10.9375,28.125,6.25,42.1875,2.4862040675364415e-15,scripts\cc_benchmark\results\v3_paper_stage1_cluster\benchmark_sub-11_hp1.0hz_jax_gpu.json,ok,sensitivity_only,
ds004505,sub-11,sub-11__numpy_cpu,AMICA-Python (NumPy-CPU),numpy,cpu,fc30615,1104857,73.65713333333333,250.0,313,120,64,120,76.72618055555556,269.740478515625,1.0,100.0,60.0,as_loaded_from_eeglab,42,3000,3000,3000,,False,26160.807303119916,26160.807303119916,,11.803629643075837,2.9509074107689592,0.1568374701576418,0.023944865053496543,15.267311459072172,3.125,10.9375,28.125,6.25,42.1875,2.290210761726939e-15,scripts\cc_benchmark\results\v3_paper_stage1_cluster\benchmark_sub-11_hp1.0hz_numpy_cpu.json,ok,sensitivity_only,
ds004505,sub-11,sub-11__picard_cpu,Picard,picard,cpu,fc30471,1104857,73.65713333333333,250.0,313,120,64,120,76.72618055555556,269.740478515625,1.0,100.0,60.0,as_loaded_from_eeglab,42,5000,78,5000,1e-06,True,190.64976287505124,190.64976287505124,,10.64324955695669,2.6608123892391724,0.1568374701576418,0.02386409783880192,15.215814062044894,4.6875,12.5,31.25,4.6875,39.0625,2.5432103527553567e-15,scripts\cc_benchmark\results\v3_paper_stage1_cluster\benchmark_sub-11_hp1.0hz_picard_cpu.json,ok,sensitivity_only,
ds004505,sub-12,sub-12__fastica_cpu,FastICA,fastica,cpu,fc20130,1111932,74.1288,250.0,313,120,64,120,77.2175,271.4677734375,1.0,100.0,60.0,as_loaded_from_eeglab,42,5000,211,5000,1e-06,True,117.7010385200847,117.7010385200847,,18.553596082026537,4.638399020506634,0.1473498669841864,0.029029922556888518,19.701356472893192,1.5625,12.5,15.625,4.6875,57.8125,2.4568785746362776e-15,scripts\cc_benchmark\results\v3_paper_stage1_cluster\benchmark_sub-12_hp1.0hz_fastica_cpu.json,ok,sensitivity_only,
ds004505,sub-12,sub-12__infomax_cpu,Infomax,infomax,cpu,fc30503,1111932,74.1288,250.0,313,120,64,120,77.2175,271.4677734375,1.0,100.0,60.0,as_loaded_from_eeglab,42,5000,5000,5000,1e-07,False,90.49514679505955,90.49514679505955,,18.528280437898665,4.632070109474666,0.1473498669841864,0.028977270352888076,19.665623692756995,1.5625,10.9375,14.0625,4.6875,60.9375,2.631085972705555e-15,scripts\cc_benchmark\results\v3_paper_stage1_cluster\benchmark_sub-12_hp1.0hz_infomax_cpu.json,ok,sensitivity_only,
ds004505,sub-12,sub-12__jax_cpu,AMICA-Python (JAX-CPU),jax,cpu,fc30572,1111932,74.1288,250.0,313,120,64,120,77.2175,271.4677734375,1.0,100.0,60.0,as_loaded_from_eeglab,42,3000,3000,3000,,False,25046.23384739901,25046.23384739901,,20.460929994588795,5.115232498647199,0.1473498669841864,0.029347021806987204,19.91655805847231,1.5625,10.9375,21.875,3.125,54.6875,3.0862645683509645e-15,scripts\cc_benchmark\results\v3_paper_stage1_cluster\benchmark_sub-12_hp1.0hz_jax_cpu.json,ok,sensitivity_only,
ds004505,sub-12,sub-12__jax_gpu,AMICA-Python (JAX-GPU),jax,gpu,fc10505,1111932,74.1288,250.0,313,120,64,120,77.2175,271.4677734375,1.0,100.0,60.0,as_loaded_from_eeglab,42,3000,3000,3000,,False,122.46958223695401,122.46958223695401,,20.459021751228583,5.114755437807146,0.1473498669841864,0.02933624212576753,19.90924235372123,1.5625,10.9375,21.875,3.125,54.6875,2.8460851040629924e-15,scripts\cc_benchmark\results\v3_paper_stage1_cluster\benchmark_sub-12_hp1.0hz_jax_gpu.json,ok,sensitivity_only,
ds004505,sub-12,sub-12__numpy_cpu,AMICA-Python (NumPy-CPU),numpy,cpu,fc30617,1111932,74.1288,250.0,313,120,64,120,77.2175,271.4677734375,1.0,100.0,60.0,as_loaded_from_eeglab,42,3000,3000,3000,,False,30005.216404704028,30005.216404704028,,20.461132455627897,5.115283113906974,0.1473498669841864,0.02935265077115912,19.92037819369681,1.5625,10.9375,21.875,3.125,54.6875,2.4644386751192013e-15,scripts\cc_benchmark\results\v3_paper_stage1_cluster\benchmark_sub-12_hp1.0hz_numpy_cpu.json,ok,sensitivity_only,
ds004505,sub-12,sub-12__picard_cpu,Picard,picard,cpu,fc30501,1111932,74.1288,250.0,313,120,64,120,77.2175,271.4677734375,1.0,100.0,60.0,as_loaded_from_eeglab,42,5000,65,5000,1e-06,True,133.50286373193376,133.50286373193376,,18.592556981888514,4.648139245472128,0.1473498669841864,0.02900181898353181,19.682283789672027,1.5625,12.5,14.0625,4.6875,60.9375,2.635209707086544e-15,scripts\cc_benchmark\results\v3_paper_stage1_cluster\benchmark_sub-12_hp1.0hz_picard_cpu.json,ok,sensitivity_only,
ds004505,sub-13,sub-13__fastica_cpu,FastICA,fastica,cpu,fc20130,1120666,74.71106666666667,250.0,313,120,64,120,77.82402777777777,273.60009765625,1.0,100.0,60.0,as_loaded_from_eeglab,42,5000,352,5000,1e-06,True,160.49571612104774,160.49571612104774,,12.844996812482279,3.2112492031205697,0.14794844623267736,0.030923242794078976,20.901363671941667,6.25,10.9375,20.3125,6.25,62.5,2.7247575975836013e-15,scripts\cc_benchmark\results\v3_paper_stage1_cluster\benchmark_sub-13_hp1.0hz_fastica_cpu.json,ok,sensitivity_only,
ds004505,sub-13,sub-13__infomax_cpu,Infomax,infomax,cpu,fc30504,1120666,74.71106666666667,250.0,313,120,64,120,77.82402777777777,273.60009765625,1.0,100.0,60.0,as_loaded_from_eeglab,42,5000,5000,5000,1e-07,False,222.7692099820124,222.7692099820124,,12.982977828875804,3.245744457218951,0.14794844623267736,0.030939072021319066,20.912062822654743,6.25,10.9375,18.75,6.25,62.5,2.6268135863851273e-15,scripts\cc_benchmark\results\v3_paper_stage1_cluster\benchmark_sub-13_hp1.0hz_infomax_cpu.json,ok,sensitivity_only,
ds004505,sub-13,sub-13__jax_cpu,AMICA-Python (JAX-CPU),jax,cpu,fc30572,1120666,74.71106666666667,250.0,313,120,64,120,77.82402777777777,273.60009765625,1.0,100.0,60.0,as_loaded_from_eeglab,42,3000,3000,3000,,False,25270.466577974963,25270.466577974963,,13.830467969591496,3.4576169923978743,0.14794844623267736,0.03136657964717211,21.201019980866946,6.25,9.375,21.875,6.25,62.5,2.781664147464708e-15,scripts\cc_benchmark\results\v3_paper_stage1_cluster\benchmark_sub-13_hp1.0hz_jax_cpu.json,ok,sensitivity_only,
ds004505,sub-13,sub-13__jax_gpu,AMICA-Python (JAX-GPU),jax,gpu,fc10410,1120666,74.71106666666667,250.0,313,120,64,120,77.82402777777777,273.60009765625,1.0,100.0,60.0,as_loaded_from_eeglab,42,3000,3000,3000,,False,130.42839508899488,130.42839508899488,,13.829806340413128,3.457451585103282,0.14794844623267736,0.031360761215643664,21.197087238295722,6.25,9.375,21.875,6.25,62.5,2.3463346282947832e-15,scripts\cc_benchmark\results\v3_paper_stage1_cluster\benchmark_sub-13_hp1.0hz_jax_gpu.json,ok,sensitivity_only,
ds004505,sub-13,sub-13__numpy_cpu,AMICA-Python (NumPy-CPU),numpy,cpu,fc30620,1120666,74.71106666666667,250.0,313,120,64,120,77.82402777777777,273.60009765625,1.0,100.0,60.0,as_loaded_from_eeglab,42,3000,3000,3000,,False,26693.640354008996,26693.640354008996,,13.83106393653204,3.45776598413301,0.14794844623267736,0.03136644418127323,21.200928417959506,6.25,9.375,21.875,6.25,62.5,2.3031745703482693e-15,scripts\cc_benchmark\results\v3_paper_stage1_cluster\benchmark_sub-13_hp1.0hz_numpy_cpu.json,ok,sensitivity_only,
ds004505,sub-13,sub-13__picard_cpu,Picard,picard,cpu,fc20646,1120666,74.71106666666667,250.0,313,120,64,120,77.82402777777777,273.60009765625,1.0,100.0,60.0,as_loaded_from_eeglab,42,5000,65,5000,1e-06,True,141.79405139002483,141.79405139002483,,12.989601748262366,3.2474004370655916,0.14794844623267736,0.03095205570668405,20.920838639971922,6.25,10.9375,18.75,6.25,62.5,2.543992748913719e-15,scripts\cc_benchmark\results\v3_paper_stage1_cluster\benchmark_sub-13_hp1.0hz_picard_cpu.json,ok,sensitivity_only,
ds004505,sub-14,sub-14__fastica_cpu,FastICA,fastica,cpu,fc20130,1129764,75.3176,250.0,313,120,64,120,78.45583333333333,275.8212890625,1.0,100.0,60.0,as_loaded_from_eeglab,42,5000,238,5000,1e-06,True,113.5379789880244,113.5379789880244,,7.625694320699857,1.9064235801749643,0.1512320230250052,0.024134904434091317,15.95885841591947,4.6875,7.8125,29.6875,3.125,54.6875,2.8697409328861725e-15,scripts\cc_benchmark\results\v3_paper_stage1_cluster\benchmark_sub-14_hp1.0hz_fastica_cpu.json,ok,sensitivity_only,
ds004505,sub-14,sub-14__infomax_cpu,Infomax,infomax,cpu,fc30504,1129764,75.3176,250.0,313,120,64,120,78.45583333333333,275.8212890625,1.0,100.0,60.0,as_loaded_from_eeglab,42,5000,5000,5000,1e-07,False,101.2354661040008,101.2354661040008,,7.727032292503608,1.931758073125902,0.1512320230250052,0.0240543617638646,15.905600733706624,4.6875,7.8125,29.6875,3.125,56.25,2.6791768104187665e-15,scripts\cc_benchmark\results\v3_paper_stage1_cluster\benchmark_sub-14_hp1.0hz_infomax_cpu.json,ok,sensitivity_only,
ds004505,sub-14,sub-14__jax_cpu,AMICA-Python (JAX-CPU),jax,cpu,fc30602,1129764,75.3176,250.0,313,120,64,120,78.45583333333333,275.8212890625,1.0,100.0,60.0,as_loaded_from_eeglab,42,3000,3000,3000,,False,26311.10619511106,26311.10619511106,,8.055234726586434,2.0138086816466085,0.1512320230250052,0.024145360373826495,15.965772255677766,3.125,7.8125,34.375,3.125,54.6875,2.9787400713289178e-15,scripts\cc_benchmark\results\v3_paper_stage1_cluster\benchmark_sub-14_hp1.0hz_jax_cpu.json,ok,sensitivity_only,
ds004505,sub-14,sub-14__jax_gpu,AMICA-Python (JAX-GPU),jax,gpu,fc10411,1129764,75.3176,250.0,313,120,64,120,78.45583333333333,275.8212890625,1.0,100.0,60.0,as_loaded_from_eeglab,42,3000,3000,3000,,False,127.24748152401298,127.24748152401298,,8.059243715532155,2.0148109288830387,0.1512320230250052,0.024131257028259422,15.956446621275099,3.125,7.8125,34.375,3.125,54.6875,2.4259598856454915e-15,scripts\cc_benchmark\results\v3_paper_stage1_cluster\benchmark_sub-14_hp1.0hz_jax_gpu.json,ok,sensitivity_only,
ds004505,sub-14,sub-14__numpy_cpu,AMICA-Python (NumPy-CPU),numpy,cpu,fc30626,1129764,75.3176,250.0,313,120,64,120,78.45583333333333,275.8212890625,1.0,100.0,60.0,as_loaded_from_eeglab,42,3000,3000,3000,,False,29493.92966368189,29493.92966368189,,8.057661619654425,2.0144154049136063,0.1512320230250052,0.024128732384005952,15.954777236575367,3.125,7.8125,34.375,3.125,54.6875,2.62997985930334e-15,scripts\cc_benchmark\results\v3_paper_stage1_cluster\benchmark_sub-14_hp1.0hz_numpy_cpu.json,ok,sensitivity_only,
ds004505,sub-14,sub-14__picard_cpu,Picard,picard,cpu,fc20654,1129764,75.3176,250.0,313,120,64,120,78.45583333333333,275.8212890625,1.0,100.0,60.0,as_loaded_from_eeglab,42,5000,105,5000,1e-06,True,178.36091245396528,178.36091245396528,,7.711586051591205,1.9278965128978012,0.1512320230250052,0.024026140500408296,15.886939829162857,4.6875,7.8125,29.6875,3.125,54.6875,6.250458384182676e-15,scripts\cc_benchmark\results\v3_paper_stage1_cluster\benchmark_sub-14_hp1.0hz_picard_cpu.json,ok,sensitivity_only,
ds004505,sub-15,sub-15__fastica_cpu,FastICA,fastica,cpu,fc20130,1105757,73.71713333333334,250.0,313,120,64,120,76.78868055555556,269.960205078125,1.0,100.0,60.0,as_loaded_from_eeglab,42,5000,139,5000,1e-06,True,84.9581151859602,84.9581151859602,,19.754198394070713,4.938549598517678,0.1351010679698805,0.02838069299630622,21.007008621599812,0.0,6.25,35.9375,3.125,50.0,3.0579893512967784e-15,scripts\cc_benchmark\results\v3_paper_stage1_cluster\benchmark_sub-15_hp1.0hz_fastica_cpu.json,ok,sensitivity_only,
ds004505,sub-15,sub-15__infomax_cpu,Infomax,infomax,cpu,fc30504,1105757,73.71713333333334,250.0,313,120,64,120,76.78868055555556,269.960205078125,1.0,100.0,60.0,as_loaded_from_eeglab,42,5000,5000,5000,1e-07,False,237.2929349289043,237.2929349289043,,19.8746013641084,4.9686503410271,0.1351010679698805,0.028312993687203945,20.95689850025172,0.0,6.25,32.8125,3.125,51.5625,2.407618259540817e-15,scripts\cc_benchmark\results\v3_paper_stage1_cluster\benchmark_sub-15_hp1.0hz_infomax_cpu.json,ok,sensitivity_only,
ds004505,sub-15,sub-15__jax_cpu,AMICA-Python (JAX-CPU),jax,cpu,fc30602,1105757,73.71713333333334,250.0,313,120,64,120,76.78868055555556,269.960205078125,1.0,100.0,60.0,as_loaded_from_eeglab,42,3000,3000,3000,,False,26728.81527064892,26728.81527064892,,22.434055945307023,5.608513986326756,0.1351010679698805,0.029025126137161444,21.484009396307897,0.0,6.25,31.25,3.125,51.5625,3.294606062235038e-15,scripts\cc_benchmark\results\v3_paper_stage1_cluster\benchmark_sub-15_hp1.0hz_jax_cpu.json,ok,sensitivity_only,
ds004505,sub-15,sub-15__jax_gpu,AMICA-Python (JAX-GPU),jax,gpu,fc10505,1105757,73.71713333333334,250.0,313,120,64,120,76.78868055555556,269.960205078125,1.0,100.0,60.0,as_loaded_from_eeglab,42,3000,3000,3000,,False,131.25964152195957,131.25964152195957,,22.434920624476636,5.608730156119159,0.1351010679698805,0.029027384199398515,21.485680783715118,0.0,6.25,31.25,3.125,53.125,2.6763324126136084e-15,scripts\cc_benchmark\results\v3_paper_stage1_cluster\benchmark_sub-15_hp1.0hz_jax_gpu.json,ok,sensitivity_only,
ds004505,sub-15,sub-15__numpy_cpu,AMICA-Python (NumPy-CPU),numpy,cpu,fc30634,1105757,73.71713333333334,250.0,313,120,64,120,76.78868055555556,269.960205078125,1.0,100.0,60.0,as_loaded_from_eeglab,42,3000,3000,3000,,False,27660.955180868972,27660.955180868972,,22.432933113816723,5.608233278454181,0.1351010679698805,0.029031013708602327,21.488367297788137,0.0,6.25,31.25,3.125,53.125,2.4931718199064907e-15,scripts\cc_benchmark\results\v3_paper_stage1_cluster\benchmark_sub-15_hp1.0hz_numpy_cpu.json,ok,sensitivity_only,
ds004505,sub-15,sub-15__picard_cpu,Picard,picard,cpu,fc20656,1105757,73.71713333333334,250.0,313,120,64,120,76.78868055555556,269.960205078125,1.0,100.0,60.0,as_loaded_from_eeglab,42,5000,63,5000,1e-06,True,199.05617332202382,199.05617332202382,,19.885201061281315,4.971300265320329,0.1351010679698805,0.02831722164525645,20.960027978142634,0.0,6.25,32.8125,3.125,51.5625,2.580326288743639e-15,scripts\cc_benchmark\results\v3_paper_stage1_cluster\benchmark_sub-15_hp1.0hz_picard_cpu.json,ok,sensitivity_only,
ds004505,sub-16,sub-16__fastica_cpu,FastICA,fastica,cpu,fc20130,1151916,76.7944,250.0,313,120,64,120,79.99416666666667,281.2294921875,1.0,100.0,60.0,as_loaded_from_eeglab,42,5000,160,5000,1e-06,True,93.34270006394945,93.34270006394945,,21.77922994739107,5.444807486847767,0.11988621522841285,0.030862067595737196,25.742799150792553,0.0,3.125,25.0,6.25,25.0,2.968959617547118e-15,scripts\cc_benchmark\results\v3_paper_stage1_cluster\benchmark_sub-16_hp1.0hz_fastica_cpu.json,ok,sensitivity_only,
ds004505,sub-16,sub-16__infomax_cpu,Infomax,infomax,cpu,fc30526,1151916,76.7944,250.0,313,120,64,120,79.99416666666667,281.2294921875,1.0,100.0,60.0,as_loaded_from_eeglab,42,5000,5000,5000,1e-07,False,85.75572539202403,85.75572539202403,,21.988114929766443,5.497028732441611,0.11988621522841285,0.030846471799144844,25.729790318573908,0.0,4.6875,25.0,6.25,23.4375,2.606635853259967e-15,scripts\cc_benchmark\results\v3_paper_stage1_cluster\benchmark_sub-16_hp1.0hz_infomax_cpu.json,ok,sensitivity_only,
ds004505,sub-16,sub-16__jax_cpu,AMICA-Python (JAX-CPU),jax,cpu,fc30604,1151916,76.7944,250.0,313,120,64,120,79.99416666666667,281.2294921875,1.0,100.0,60.0,as_loaded_from_eeglab,42,3000,3000,3000,,False,25589.590974084917,25589.590974084917,,23.887031137932816,5.971757784483204,0.11988621522841285,0.031487521885341596,26.264505744342745,1.5625,7.8125,26.5625,6.25,26.5625,2.516277943881649e-15,scripts\cc_benchmark\results\v3_paper_stage1_cluster\benchmark_sub-16_hp1.0hz_jax_cpu.json,ok,sensitivity_only,
ds004505,sub-16,sub-16__jax_gpu,AMICA-Python (JAX-GPU),jax,gpu,fc10410,1151916,76.7944,250.0,313,120,64,120,79.99416666666667,281.2294921875,1.0,100.0,60.0,as_loaded_from_eeglab,42,3000,3000,3000,,False,122.35242666304111,122.35242666304111,,23.884062844716933,5.971015711179233,0.11988621522841285,0.03149412472187358,26.270013330447952,1.5625,7.8125,25.0,6.25,26.5625,2.935196834405753e-15,scripts\cc_benchmark\results\v3_paper_stage1_cluster\benchmark_sub-16_hp1.0hz_jax_gpu.json,ok,sensitivity_only,
ds004505,sub-16,sub-16__numpy_cpu,AMICA-Python (NumPy-CPU),numpy,cpu,fc30642,1151916,76.7944,250.0,313,120,64,120,79.99416666666667,281.2294921875,1.0,100.0,60.0,as_loaded_from_eeglab,42,3000,3000,3000,,False,29628.47250795702,29628.47250795702,,23.89039672980947,5.972599182452368,0.11988621522841285,0.0314876688571012,26.264628337052276,1.5625,7.8125,25.0,6.25,28.125,2.7297855801782117e-15,scripts\cc_benchmark\results\v3_paper_stage1_cluster\benchmark_sub-16_hp1.0hz_numpy_cpu.json,ok,sensitivity_only,
ds004505,sub-16,sub-16__picard_cpu,Picard,picard,cpu,fc30103,1151916,76.7944,250.0,313,120,64,120,79.99416666666667,281.2294921875,1.0,100.0,60.0,as_loaded_from_eeglab,42,5000,66,5000,1e-06,True,155.40464917302597,155.40464917302597,,22.023465783189838,5.5058664457974595,0.11988621522841285,0.03086926050758859,25.74879893303415,0.0,3.125,25.0,6.25,25.0,3.569139601608417e-15,scripts\cc_benchmark\results\v3_paper_stage1_cluster\benchmark_sub-16_hp1.0hz_picard_cpu.json,ok,sensitivity_only,
ds004505,sub-17,sub-17__fastica_cpu,FastICA,fastica,cpu,fc20130,1119559,74.63726666666666,250.0,313,120,64,120,77.74715277777777,273.329833984375,1.0,100.0,60.0,as_loaded_from_eeglab,42,5000,129,5000,1e-06,True,83.5423524309881,83.5423524309881,,15.55467156500034,3.888667891250085,0.1513172696084754,0.03477618903338374,22.982300119057854,3.125,9.375,18.75,6.25,56.25,2.9581165618778552e-15,scripts\cc_benchmark\results\v3_paper_stage1_cluster\benchmark_sub-17_hp1.0hz_fastica_cpu.json,ok,sensitivity_only,
ds004505,sub-17,sub-17__infomax_cpu,Infomax,infomax,cpu,fc30538,1119559,74.63726666666666,250.0,313,120,64,120,77.74715277777777,273.329833984375,1.0,100.0,60.0,as_loaded_from_eeglab,42,5000,5000,5000,1e-07,False,69.08560556196608,69.08560556196608,,15.645630889733908,3.911407722433477,0.1513172696084754,0.034589146074266205,22.858690329110217,3.125,9.375,25.0,6.25,56.25,2.4605660440395693e-15,scripts\cc_benchmark\results\v3_paper_stage1_cluster\benchmark_sub-17_hp1.0hz_infomax_cpu.json,ok,sensitivity_only,
ds004505,sub-17,sub-17__jax_cpu,AMICA-Python (JAX-CPU),jax,cpu,fc30604,1119559,74.63726666666666,250.0,313,120,64,120,77.74715277777777,273.329833984375,1.0,100.0,60.0,as_loaded_from_eeglab,42,3000,3000,3000,,False,24977.796609982033,24977.796609982033,,17.618508245970787,4.404627061492697,0.1513172696084754,0.03527620042139397,23.31273919538006,3.125,9.375,21.875,6.25,48.4375,2.9602915422962214e-15,scripts\cc_benchmark\results\v3_paper_stage1_cluster\benchmark_sub-17_hp1.0hz_jax_cpu.json,ok,sensitivity_only,
ds004505,sub-17,sub-17__jax_gpu,AMICA-Python (JAX-GPU),jax,gpu,fc10505,1119559,74.63726666666666,250.0,313,120,64,120,77.74715277777777,273.329833984375,1.0,100.0,60.0,as_loaded_from_eeglab,42,3000,3000,3000,,False,144.8720156130148,144.8720156130148,,17.620534404598317,4.405133601149579,0.1513172696084754,0.035269451738449864,23.308279239843216,3.125,9.375,21.875,6.25,48.4375,2.674157296873384e-15,scripts\cc_benchmark\results\v3_paper_stage1_cluster\benchmark_sub-17_hp1.0hz_jax_gpu.json,ok,sensitivity_only,
ds004505,sub-17,sub-17__numpy_cpu,AMICA-Python (NumPy-CPU),numpy,cpu,fc30651,1119559,74.63726666666666,250.0,313,120,64,120,77.74715277777777,273.329833984375,1.0,100.0,60.0,as_loaded_from_eeglab,42,3000,3000,3000,,False,31413.14332242508,31413.14332242508,,17.620276425165684,4.405069106291421,0.1513172696084754,0.03526022886005287,23.302184179827357,3.125,9.375,21.875,6.25,48.4375,2.627608671619264e-15,scripts\cc_benchmark\results\v3_paper_stage1_cluster\benchmark_sub-17_hp1.0hz_numpy_cpu.json,ok,sensitivity_only,
ds004505,sub-17,sub-17__picard_cpu,Picard,picard,cpu,fc30128,1119559,74.63726666666666,250.0,313,120,64,120,77.74715277777777,273.329833984375,1.0,100.0,60.0,as_loaded_from_eeglab,42,5000,74,5000,1e-06,True,156.7306065959856,156.7306065959856,,15.685593208512856,3.921398302128214,0.1513172696084754,0.03457864003040268,22.851747272385296,3.125,9.375,25.0,6.25,56.25,3.947118061467789e-15,scripts\cc_benchmark\results\v3_paper_stage1_cluster\benchmark_sub-17_hp1.0hz_picard_cpu.json,ok,sensitivity_only,
ds004505,sub-18,sub-18__fastica_cpu,FastICA,fastica,cpu,fc20130,1155503,77.03353333333332,250.0,313,120,64,120,80.24326388888889,282.105224609375,1.0,100.0,60.0,as_loaded_from_eeglab,42,5000,130,5000,1e-06,True,84.7697717390256,84.7697717390256,,19.1747812788323,4.793695319708075,0.1654408258314582,0.027793848622668083,16.799872995667283,3.125,6.25,26.5625,10.9375,32.8125,2.8955070146734508e-15,scripts\cc_benchmark\results\v3_paper_stage1_cluster\benchmark_sub-18_hp1.0hz_fastica_cpu.json,ok,sensitivity_only,
ds004505,sub-18,sub-18__infomax_cpu,Infomax,infomax,cpu,fc30538,1155503,77.03353333333332,250.0,313,120,64,120,80.24326388888889,282.105224609375,1.0,100.0,60.0,as_loaded_from_eeglab,42,5000,5000,5000,1e-07,False,82.29008383490145,82.29008383490145,,19.48499772060851,4.871249430152128,0.1654408258314582,0.027623831537347245,16.697106895180063,3.125,10.9375,25.0,9.375,37.5,2.659681000232932e-15,scripts\cc_benchmark\results\v3_paper_stage1_cluster\benchmark_sub-18_hp1.0hz_infomax_cpu.json,ok,sensitivity_only,
ds004505,sub-18,sub-18__jax_cpu,AMICA-Python (JAX-CPU),jax,cpu,fc30604,1155503,77.03353333333332,250.0,313,120,64,120,80.24326388888889,282.105224609375,1.0,100.0,60.0,as_loaded_from_eeglab,42,3000,3000,3000,,False,25961.278518016916,25961.278518016916,,21.690014464159063,5.422503616039766,0.1654408258314582,0.027742638762447196,16.768919414552386,3.125,7.8125,25.0,7.8125,42.1875,2.989650714836586e-15,scripts\cc_benchmark\results\v3_paper_stage1_cluster\benchmark_sub-18_hp1.0hz_jax_cpu.json,ok,sensitivity_only,
ds004505,sub-18,sub-18__jax_gpu,AMICA-Python (JAX-GPU),jax,gpu,fc10410,1155503,77.03353333333332,250.0,313,120,64,120,80.24326388888889,282.105224609375,1.0,100.0,60.0,as_loaded_from_eeglab,42,3000,3000,3000,,False,133.898554874002,133.898554874002,,21.686897611575894,5.4217244028939735,0.1654408258314582,0.02773264558152703,16.762879079060866,3.125,7.8125,25.0,7.8125,42.1875,2.40909491423156e-15,scripts\cc_benchmark\results\v3_paper_stage1_cluster\benchmark_sub-18_hp1.0hz_jax_gpu.json,ok,sensitivity_only,
ds004505,sub-18,sub-18__numpy_cpu,AMICA-Python (NumPy-CPU),numpy,cpu,fc30654,1155503,77.03353333333332,250.0,313,120,64,120,80.24326388888889,282.105224609375,1.0,100.0,60.0,as_loaded_from_eeglab,42,3000,3000,3000,,False,27814.214498838992,27814.214498838992,,21.68822737429757,5.422056843574392,0.1654408258314582,0.027735753909643324,16.764757894704267,3.125,7.8125,26.5625,7.8125,40.625,2.826870396169285e-15,scripts\cc_benchmark\results\v3_paper_stage1_cluster\benchmark_sub-18_hp1.0hz_numpy_cpu.json,ok,sensitivity_only,
ds004505,sub-18,sub-18__picard_cpu,Picard,picard,cpu,fc30151,1155503,77.03353333333332,250.0,313,120,64,120,80.24326388888889,282.105224609375,1.0,100.0,60.0,as_loaded_from_eeglab,42,5000,72,5000,1e-06,True,227.33417200599797,227.33417200599797,,19.55116692979974,4.887791732449935,0.1654408258314582,0.027643598632783754,16.709055031522567,3.125,9.375,25.0,9.375,35.9375,2.6612729646206847e-15,scripts\cc_benchmark\results\v3_paper_stage1_cluster\benchmark_sub-18_hp1.0hz_picard_cpu.json,ok,sensitivity_only,
ds004505,sub-19,sub-19__fastica_cpu,FastICA,fastica,cpu,fc20130,1117345,74.48966666666666,250.0,313,120,64,120,77.59340277777778,272.789306640625,1.0,100.0,60.0,as_loaded_from_eeglab,42,5000,312,5000,1e-06,True,104.63410826097243,104.63410826097243,,18.014567527146053,4.503641881786513,0.1282154642663007,0.03799751302155499,29.63567089117658,4.6875,9.375,23.4375,4.6875,43.75,3.15243308283877e-15,scripts\cc_benchmark\results\v3_paper_stage1_cluster\benchmark_sub-19_hp1.0hz_fastica_cpu.json,ok,sensitivity_only,
ds004505,sub-19,sub-19__infomax_cpu,Infomax,infomax,cpu,fc30540,1117345,74.48966666666666,250.0,313,120,64,120,77.59340277777778,272.789306640625,1.0,100.0,60.0,as_loaded_from_eeglab,42,5000,5000,5000,1e-07,False,84.40122397604864,84.40122397604864,,18.316932224248067,4.579233056062017,0.1282154642663007,0.03801557090856372,29.649754907572003,4.6875,6.25,21.875,4.6875,42.1875,3.2450259995652277e-15,scripts\cc_benchmark\results\v3_paper_stage1_cluster\benchmark_sub-19_hp1.0hz_infomax_cpu.json,ok,sensitivity_only,
ds004505,sub-19,sub-19__jax_cpu,AMICA-Python (JAX-CPU),jax,cpu,fc30607,1117345,74.48966666666666,250.0,313,120,64,120,77.59340277777778,272.789306640625,1.0,100.0,60.0,as_loaded_from_eeglab,42,3000,3000,3000,,False,25675.060038285912,25675.060038285912,,20.58355570854181,5.145888927135452,0.1282154642663007,0.03944410780342152,30.7639238598372,3.125,6.25,23.4375,4.6875,45.3125,2.8208458127449737e-15,scripts\cc_benchmark\results\v3_paper_stage1_cluster\benchmark_sub-19_hp1.0hz_jax_cpu.json,ok,sensitivity_only,
ds004505,sub-19,sub-19__jax_gpu,AMICA-Python (JAX-GPU),jax,gpu,fc10411,1117345,74.48966666666666,250.0,313,120,64,120,77.59340277777778,272.789306640625,1.0,100.0,60.0,as_loaded_from_eeglab,42,3000,3000,3000,,False,135.37812747305725,135.37812747305725,,20.5833742303134,5.14584355757835,0.1282154642663007,0.039450864689387306,30.76919380602072,3.125,6.25,23.4375,4.6875,45.3125,2.4772673829294892e-15,scripts\cc_benchmark\results\v3_paper_stage1_cluster\benchmark_sub-19_hp1.0hz_jax_gpu.json,ok,sensitivity_only,
ds004505,sub-19,sub-19__numpy_cpu,AMICA-Python (NumPy-CPU),numpy,cpu,fc30406,1117345,74.48966666666666,250.0,313,120,64,120,77.59340277777778,272.789306640625,1.0,100.0,60.0,as_loaded_from_eeglab,42,3000,3000,3000,,False,31148.40329632105,31148.40329632105,,20.584402799921982,5.1461006999804955,0.1282154642663007,0.039442929980983636,30.763005232396566,3.125,6.25,23.4375,4.6875,45.3125,2.388834675297278e-15,scripts\cc_benchmark\results\v3_paper_stage1_cluster\benchmark_sub-19_hp1.0hz_numpy_cpu.json,ok,sensitivity_only,
ds004505,sub-19,sub-19__picard_cpu,Picard,picard,cpu,fc30167,1117345,74.48966666666666,250.0,313,120,64,120,77.59340277777778,272.789306640625,1.0,100.0,60.0,as_loaded_from_eeglab,42,5000,107,5000,1e-06,True,234.5844027689891,234.5844027689891,,18.25416437073979,4.563541092684948,0.1282154642663007,0.03798975652095094,29.62962130843051,6.25,9.375,21.875,4.6875,43.75,5.911037467675301e-15,scripts\cc_benchmark\results\v3_paper_stage1_cluster\benchmark_sub-19_hp1.0hz_picard_cpu.json,ok,sensitivity_only,
ds004505,sub-20,sub-20__fastica_cpu,FastICA,fastica,cpu,fc20130,916388,61.092533333333336,250.0,303,120,64,120,63.63805555555555,223.7275390625,1.0,100.0,60.0,as_loaded_from_eeglab,42,5000,250,5000,1e-06,True,74.02417806303129,74.02417806303129,,21.608672294292674,5.4021680735731685,0.15771506593144266,0.030362150188252116,19.25126810741738,0.0,6.25,25.0,7.8125,35.9375,3.1975687862817213e-15,scripts\cc_benchmark\results\v3_paper_stage1_cluster\benchmark_sub-20_hp1.0hz_fastica_cpu.json,ok,sensitivity_only,
ds004505,sub-20,sub-20__infomax_cpu,Infomax,infomax,cpu,fc30541,916388,61.092533333333336,250.0,303,120,64,120,63.63805555555555,223.7275390625,1.0,100.0,60.0,as_loaded_from_eeglab,42,5000,5000,5000,1e-07,False,59.31545931508299,59.31545931508299,,21.840473069446126,5.460118267361532,0.15771506593144266,0.030289943107960335,19.205484859085754,0.0,3.125,25.0,9.375,35.9375,1.9854385067337763e-15,scripts\cc_benchmark\results\v3_paper_stage1_cluster\benchmark_sub-20_hp1.0hz_infomax_cpu.json,ok,sensitivity_only,
ds004505,sub-20,sub-20__jax_cpu,AMICA-Python (JAX-CPU),jax,cpu,fc30558,916388,61.092533333333336,250.0,303,120,64,120,63.63805555555555,223.7275390625,1.0,100.0,60.0,as_loaded_from_eeglab,42,3000,3000,3000,,False,15344.832167159999,15344.832167159999,,23.612915208068465,5.903228802017116,0.15771506593144266,0.030518755553394946,19.350564496267705,0.0,6.25,25.0,7.8125,40.625,2.5034601899276274e-15,scripts\cc_benchmark\results\v3_paper_stage1_cluster\benchmark_sub-20_hp1.0hz_jax_cpu.json,ok,sensitivity_only,
ds004505,sub-20,sub-20__jax_gpu,AMICA-Python (JAX-GPU),jax,gpu,fc10413,916388,61.092533333333336,250.0,303,120,64,120,63.63805555555555,223.7275390625,1.0,100.0,60.0,as_loaded_from_eeglab,42,3000,3000,3000,,False,140.5702722580172,140.5702722580172,,23.594502174633213,5.898625543658303,0.15771506593144266,0.030503505012835032,19.340894817299592,0.0,4.6875,25.0,7.8125,39.0625,2.5996685385089438e-15,scripts\cc_benchmark\results\v3_paper_stage1_cluster\benchmark_sub-20_hp1.0hz_jax_gpu.json,ok,sensitivity_only,
ds004505,sub-20,sub-20__numpy_cpu,AMICA-Python (NumPy-CPU),numpy,cpu,fc30561,916388,61.092533333333336,250.0,303,120,64,120,63.63805555555555,223.7275390625,1.0,100.0,60.0,as_loaded_from_eeglab,42,3000,3000,3000,,False,24282.33371968707,24282.33371968707,,23.613624730666984,5.903406182666746,0.15771506593144266,0.030509861888415264,19.344925424992454,0.0,6.25,25.0,7.8125,40.625,2.5165175986880046e-15,scripts\cc_benchmark\results\v3_paper_stage1_cluster\benchmark_sub-20_hp1.0hz_numpy_cpu.json,ok,sensitivity_only,
ds004505,sub-20,sub-20__picard_cpu,Picard,picard,cpu,fc30228,916388,61.092533333333336,250.0,303,120,64,120,63.63805555555555,223.7275390625,1.0,100.0,60.0,as_loaded_from_eeglab,42,5000,64,5000,1e-06,True,83.70290296699386,83.70290296699386,,21.883812743216467,5.470953185804117,0.15771506593144266,0.030249350020282118,19.17974661560313,0.0,6.25,25.0,7.8125,37.5,2.237678036153196e-15,scripts\cc_benchmark\results\v3_paper_stage1_cluster\benchmark_sub-20_hp1.0hz_picard_cpu.json,ok,sensitivity_only,
ds004505,sub-21,sub-21__fastica_cpu,FastICA,fastica,cpu,fc30441,1128361,75.22406666666667,250.0,313,120,64,120,78.35840277777778,275.478759765625,1.0,100.0,60.0,as_loaded_from_eeglab,42,5000,164,5000,1e-06,True,60.565745373023674,60.565745373023674,,17.076595384371863,4.269148846092966,0.14933282790252386,0.028186047306072926,18.874649132387155,3.125,9.375,26.5625,4.6875,50.0,3.0713858079587364e-15,scripts\cc_benchmark\results\v3_paper_stage1_cluster\benchmark_sub-21_hp1.0hz_fastica_cpu.json,ok,sensitivity_only,
ds004505,sub-21,sub-21__infomax_cpu,Infomax,infomax,cpu,fc30352,1128361,75.22406666666667,250.0,313,120,64,120,78.35840277777778,275.478759765625,1.0,100.0,60.0,as_loaded_from_eeglab,42,5000,5000,5000,1e-07,False,97.66787132900208,97.66787132900208,,17.245667657211712,4.311416914302928,0.14933282790252386,0.02813720835328943,18.841944365813408,1.5625,9.375,26.5625,4.6875,50.0,2.215649137131835e-15,scripts\cc_benchmark\results\v3_paper_stage1_cluster\benchmark_sub-21_hp1.0hz_infomax_cpu.json,ok,sensitivity_only,
ds004505,sub-21,sub-21__jax_cpu,AMICA-Python (JAX-CPU),jax,cpu,fc30607,1128361,75.22406666666667,250.0,313,120,64,120,78.35840277777778,275.478759765625,1.0,100.0,60.0,as_loaded_from_eeglab,42,3000,3000,3000,,False,25740.82125783607,25740.82125783607,,18.24754473102236,4.56188618275559,0.14933282790252386,0.028433153916495195,19.04012286906853,3.125,9.375,26.5625,3.125,50.0,2.8646229341192532e-15,scripts\cc_benchmark\results\v3_paper_stage1_cluster\benchmark_sub-21_hp1.0hz_jax_cpu.json,ok,sensitivity_only,
ds004505,sub-21,sub-21__jax_gpu,AMICA-Python (JAX-GPU),jax,gpu,fc10413,1128361,75.22406666666667,250.0,313,120,64,120,78.35840277777778,275.478759765625,1.0,100.0,60.0,as_loaded_from_eeglab,42,3000,3000,3000,,False,173.92664522398263,173.92664522398263,,18.245306118143645,4.561326529535911,0.14933282790252386,0.028430941328651115,19.03864122040818,3.125,9.375,26.5625,3.125,50.0,2.6460772594429395e-15,scripts\cc_benchmark\results\v3_paper_stage1_cluster\benchmark_sub-21_hp1.0hz_jax_gpu.json,ok,sensitivity_only,
ds004505,sub-21,sub-21__numpy_cpu,AMICA-Python (NumPy-CPU),numpy,cpu,fc30604,1128361,75.22406666666667,250.0,313,120,64,120,78.35840277777778,275.478759765625,1.0,100.0,60.0,as_loaded_from_eeglab,42,3000,3000,3000,,False,24766.970872377045,24766.970872377045,,18.245424475645514,4.5613561189113785,0.14933282790252386,0.028436127796613773,19.04211431338814,3.125,9.375,26.5625,3.125,50.0,2.663433779205183e-15,scripts\cc_benchmark\results\v3_paper_stage1_cluster\benchmark_sub-21_hp1.0hz_numpy_cpu.json,ok,sensitivity_only,
ds004505,sub-21,sub-21__picard_cpu,Picard,picard,cpu,fc30623,1128361,75.22406666666667,250.0,313,120,64,120,78.35840277777778,275.478759765625,1.0,100.0,60.0,as_loaded_from_eeglab,42,5000,63,5000,1e-06,True,91.89408437698148,91.89408437698148,,17.24210267894601,4.310525669736503,0.14933282790252386,0.028126667904282962,18.834886005535555,3.125,9.375,26.5625,4.6875,50.0,2.402751806558492e-15,scripts\cc_benchmark\results\v3_paper_stage1_cluster\benchmark_sub-21_hp1.0hz_picard_cpu.json,ok,sensitivity_only,
ds004505,sub-22,sub-22__fastica_cpu,FastICA,fastica,cpu,fc30449,1108947,73.92979999999999,250.0,313,120,64,120,77.01020833333334,270.739013671875,1.0,100.0,60.0,as_loaded_from_eeglab,42,5000,253,5000,1e-06,True,108.10266224702355,108.10266224702355,,18.08948639715637,4.522371599289093,0.13330789672551938,0.027149177096271147,20.365768092621874,1.5625,9.375,29.6875,6.25,54.6875,2.911401104185001e-15,scripts\cc_benchmark\results\v3_paper_stage1_cluster\benchmark_sub-22_hp1.0hz_fastica_cpu.json,ok,sensitivity_only,
ds004505,sub-22,sub-22__infomax_cpu,Infomax,infomax,cpu,fc30353,1108947,73.92979999999999,250.0,313,120,64,120,77.01020833333334,270.739013671875,1.0,100.0,60.0,as_loaded_from_eeglab,42,5000,5000,5000,1e-07,False,97.00827404402662,97.00827404402662,,18.17280819953158,4.543202049882895,0.13330789672551938,0.02716603274362467,20.378412240318713,1.5625,10.9375,25.0,6.25,56.25,2.5957381331608854e-15,scripts\cc_benchmark\results\v3_paper_stage1_cluster\benchmark_sub-22_hp1.0hz_infomax_cpu.json,ok,sensitivity_only,
ds004505,sub-22,sub-22__jax_cpu,AMICA-Python (JAX-CPU),jax,cpu,fc30607,1108947,73.92979999999999,250.0,313,120,64,120,77.01020833333334,270.739013671875,1.0,100.0,60.0,as_loaded_from_eeglab,42,3000,3000,3000,,False,26789.69815525599,26789.69815525599,,20.01853323655746,5.004633309139364,0.13330789672551938,0.027613996971824678,20.7144495188322,3.125,7.8125,25.0,7.8125,56.25,3.1857874951351233e-15,scripts\cc_benchmark\results\v3_paper_stage1_cluster\benchmark_sub-22_hp1.0hz_jax_cpu.json,ok,sensitivity_only,
ds004505,sub-22,sub-22__jax_gpu,AMICA-Python (JAX-GPU),jax,gpu,fc10505,1108947,73.92979999999999,250.0,313,120,64,120,77.01020833333334,270.739013671875,1.0,100.0,60.0,as_loaded_from_eeglab,42,3000,3000,3000,,False,135.752110772999,135.752110772999,,20.018358823079737,5.004589705769934,0.13330789672551938,0.02760978934324516,20.711293195251326,3.125,7.8125,23.4375,7.8125,57.8125,2.8620976816754752e-15,scripts\cc_benchmark\results\v3_paper_stage1_cluster\benchmark_sub-22_hp1.0hz_jax_gpu.json,ok,sensitivity_only,
ds004505,sub-22,sub-22__numpy_cpu,AMICA-Python (NumPy-CPU),numpy,cpu,fc30614,1108947,73.92979999999999,250.0,313,120,64,120,77.01020833333334,270.739013671875,1.0,100.0,60.0,as_loaded_from_eeglab,42,3000,3000,3000,,False,28392.123841651017,28392.123841651017,,20.017885033899226,5.004471258474807,0.13330789672551938,0.02761737662999594,20.716984746117515,3.125,7.8125,25.0,7.8125,56.25,3.897674703602748e-15,scripts\cc_benchmark\results\v3_paper_stage1_cluster\benchmark_sub-22_hp1.0hz_numpy_cpu.json,ok,sensitivity_only,
ds004505,sub-22,sub-22__picard_cpu,Picard,picard,cpu,fc30623,1108947,73.92979999999999,250.0,313,120,64,120,77.01020833333334,270.739013671875,1.0,100.0,60.0,as_loaded_from_eeglab,42,5000,56,5000,1e-06,True,98.03200157196261,98.03200157196261,,18.18803345181751,4.547008362954378,0.13330789672551938,0.027128426800686303,20.350202401395368,1.5625,9.375,28.125,6.25,53.125,2.550328493851252e-15,scripts\cc_benchmark\results\v3_paper_stage1_cluster\benchmark_sub-22_hp1.0hz_picard_cpu.json,ok,sensitivity_only,
ds004505,sub-23,sub-23__fastica_cpu,FastICA,fastica,cpu,fc30467,1053821,70.25473333333333,250.0,326,120,64,120,73.18201388888889,257.280517578125,1.0,100.0,60.0,as_loaded_from_eeglab,42,5000,125,5000,1e-06,True,46.23143586493097,46.23143586493097,,21.35205872481594,5.338014681203985,0.14421495907496326,0.029166947572948805,20.22463394923391,0.0,4.6875,18.75,9.375,43.75,3.0240601393608314e-15,scripts\cc_benchmark\results\v3_paper_stage1_cluster\benchmark_sub-23_hp1.0hz_fastica_cpu.json,ok,sensitivity_only,
ds004505,sub-23,sub-23__infomax_cpu,Infomax,infomax,cpu,fc30353,1053821,70.25473333333333,250.0,326,120,64,120,73.18201388888889,257.280517578125,1.0,100.0,60.0,as_loaded_from_eeglab,42,5000,5000,5000,1e-07,False,76.08777027693577,76.08777027693577,,21.609726575765713,5.402431643941428,0.14421495907496326,0.029069216945886257,20.156866619347035,0.0,4.6875,21.875,9.375,45.3125,2.359760128004708e-15,scripts\cc_benchmark\results\v3_paper_stage1_cluster\benchmark_sub-23_hp1.0hz_infomax_cpu.json,ok,sensitivity_only,
ds004505,sub-23,sub-23__jax_cpu,AMICA-Python (JAX-CPU),jax,cpu,fc30607,1053821,70.25473333333333,250.0,326,120,64,120,73.18201388888889,257.280517578125,1.0,100.0,60.0,as_loaded_from_eeglab,42,3000,3000,3000,,False,25270.094277657918,25270.094277657918,,23.315602464575576,5.828900616143894,0.14421495907496326,0.02966829118933376,20.572270296808888,0.0,3.125,25.0,6.25,45.3125,2.5618853074246874e-15,scripts\cc_benchmark\results\v3_paper_stage1_cluster\benchmark_sub-23_hp1.0hz_jax_cpu.json,ok,sensitivity_only,
ds004505,sub-23,sub-23__jax_gpu,AMICA-Python (JAX-GPU),jax,gpu,fc10410,1053821,70.25473333333333,250.0,326,120,64,120,73.18201388888889,257.280517578125,1.0,100.0,60.0,as_loaded_from_eeglab,42,3000,3000,3000,,False,128.50827401096467,128.50827401096467,,23.314319490785344,5.828579872696336,0.14421495907496326,0.02967405760973801,20.576268786591942,0.0,3.125,25.0,6.25,45.3125,2.432452872698805e-15,scripts\cc_benchmark\results\v3_paper_stage1_cluster\benchmark_sub-23_hp1.0hz_jax_gpu.json,ok,sensitivity_only,
ds004505,sub-23,sub-23__numpy_cpu,AMICA-Python (NumPy-CPU),numpy,cpu,fc30617,1053821,70.25473333333333,250.0,326,120,64,120,73.18201388888889,257.280517578125,1.0,100.0,60.0,as_loaded_from_eeglab,42,3000,3000,3000,,False,29029.511617665063,29029.511617665063,,23.31556653765839,5.828891634414598,0.14421495907496326,0.029671988131163722,20.574833790813724,0.0,3.125,25.0,6.25,45.3125,2.4381974766062223e-15,scripts\cc_benchmark\results\v3_paper_stage1_cluster\benchmark_sub-23_hp1.0hz_numpy_cpu.json,ok,sensitivity_only,
ds004505,sub-23,sub-23__picard_cpu,Picard,picard,cpu,fc30526,1053821,70.25473333333333,250.0,326,120,64,120,73.18201388888889,257.280517578125,1.0,100.0,60.0,as_loaded_from_eeglab,42,5000,73,5000,1e-06,True,131.50897526391782,131.50897526391782,,21.61004417603086,5.402511044007715,0.14421495907496326,0.0290687379544748,20.15653448222719,0.0,4.6875,21.875,9.375,45.3125,2.2529804285083572e-15,scripts\cc_benchmark\results\v3_paper_stage1_cluster\benchmark_sub-23_hp1.0hz_picard_cpu.json,ok,sensitivity_only,
ds004505,sub-24,sub-24__fastica_cpu,FastICA,fastica,cpu,fc30470,1146791,76.45273333333333,250.0,327,120,64,120,79.63826388888889,279.978271484375,1.0,100.0,60.0,as_loaded_from_eeglab,42,5000,161,5000,1e-06,True,64.41125809494406,64.41125809494406,,20.779502955414767,5.194875738853692,0.14767194971485498,0.03220216773262152,21.80655689506493,3.125,15.625,14.0625,9.375,54.6875,2.256623273478475e-15,scripts\cc_benchmark\results\v3_paper_stage1_cluster\benchmark_sub-24_hp1.0hz_fastica_cpu.json,ok,sensitivity_only,
ds004505,sub-24,sub-24__infomax_cpu,Infomax,infomax,cpu,fc30353,1146791,76.45273333333333,250.0,327,120,64,120,79.63826388888889,279.978271484375,1.0,100.0,60.0,as_loaded_from_eeglab,42,5000,5000,5000,1e-07,False,78.18999115901534,78.18999115901534,,21.109482725094676,5.277370681273669,0.14767194971485498,0.03213645551712113,21.7620581154204,3.125,15.625,15.625,7.8125,54.6875,2.52796209766569e-15,scripts\cc_benchmark\results\v3_paper_stage1_cluster\benchmark_sub-24_hp1.0hz_infomax_cpu.json,ok,sensitivity_only,
ds004505,sub-24,sub-24__jax_cpu,AMICA-Python (JAX-CPU),jax,cpu,fc30610,1146791,76.45273333333333,250.0,327,120,64,120,79.63826388888889,279.978271484375,1.0,100.0,60.0,as_loaded_from_eeglab,42,3000,3000,3000,,False,17000.28812158294,17000.28812158294,,23.86979781331986,5.967449453329965,0.14767194971485498,0.032622209593532764,22.090999446085835,3.125,10.9375,15.625,9.375,53.125,2.6099378007519587e-15,scripts\cc_benchmark\results\v3_paper_stage1_cluster\benchmark_sub-24_hp1.0hz_jax_cpu.json,ok,sensitivity_only,
ds004505,sub-24,sub-24__jax_gpu,AMICA-Python (JAX-GPU),jax,gpu,fc10411,1146791,76.45273333333333,250.0,327,120,64,120,79.63826388888889,279.978271484375,1.0,100.0,60.0,as_loaded_from_eeglab,42,3000,3000,3000,,False,137.87534208991565,137.87534208991565,,23.87123005822105,5.967807514555263,0.14767194971485498,0.0326114924091282,22.08374201877804,3.125,10.9375,15.625,9.375,53.125,2.6795926658157407e-15,scripts\cc_benchmark\results\v3_paper_stage1_cluster\benchmark_sub-24_hp1.0hz_jax_gpu.json,ok,sensitivity_only,
ds004505,sub-24,sub-24__numpy_cpu,AMICA-Python (NumPy-CPU),numpy,cpu,fc30622,1146791,76.45273333333333,250.0,327,120,64,120,79.63826388888889,279.978271484375,1.0,100.0,60.0,as_loaded_from_eeglab,42,3000,3000,3000,,False,26291.947378669982,26291.947378669982,,23.870376048217615,5.967594012054404,0.14767194971485498,0.03261201598097947,22.084096569423764,3.125,10.9375,15.625,9.375,53.125,3.11137898521978e-15,scripts\cc_benchmark\results\v3_paper_stage1_cluster\benchmark_sub-24_hp1.0hz_numpy_cpu.json,ok,sensitivity_only,
ds004505,sub-24,sub-24__picard_cpu,Picard,picard,cpu,fc30407,1146791,76.45273333333333,250.0,327,120,64,120,79.63826388888889,279.978271484375,1.0,100.0,60.0,as_loaded_from_eeglab,42,5000,51,5000,1e-06,True,120.36062112799846,120.36062112799846,,21.11913418905178,5.279783547262945,0.14767194971485498,0.032114640841249056,21.747285725732176,3.125,15.625,15.625,7.8125,54.6875,2.491751301013238e-15,scripts\cc_benchmark\results\v3_paper_stage1_cluster\benchmark_sub-24_hp1.0hz_picard_cpu.json,ok,sensitivity_only,
ds004505,sub-25,sub-25__fastica_cpu,FastICA,fastica,cpu,fc30471,877574,58.504933333333334,250.0,340,120,64,120,60.94263888888889,214.25146484375,1.0,100.0,60.0,as_loaded_from_eeglab,42,5000,196,5000,1e-06,True,80.01974330400117,80.01974330400117,,13.704609487098644,3.426152371774661,0.16141401710547484,0.025935019306532914,16.067389791548187,3.125,4.6875,25.0,4.6875,35.9375,2.4959861021485886e-15,scripts\cc_benchmark\results\v3_paper_stage1_cluster\benchmark_sub-25_hp1.0hz_fastica_cpu.json,ok,sensitivity_only,
ds004505,sub-25,sub-25__infomax_cpu,Infomax,infomax,cpu,fc30353,877574,58.504933333333334,250.0,340,120,64,120,60.94263888888889,214.25146484375,1.0,100.0,60.0,as_loaded_from_eeglab,42,5000,160,5000,1e-07,True,132.70500634401105,132.70500634401105,,13.249918888993072,3.312479722248268,0.16141401710547484,0.026305196270349093,16.296723631603907,0.0,3.125,20.3125,4.6875,26.5625,2.6218287393206887e-15,scripts\cc_benchmark\results\v3_paper_stage1_cluster\benchmark_sub-25_hp1.0hz_infomax_cpu.json,ok,sensitivity_only,
ds004505,sub-25,sub-25__jax_cpu,AMICA-Python (JAX-CPU),jax,cpu,fc30560,877574,58.504933333333334,250.0,340,120,64,120,60.94263888888889,214.25146484375,1.0,100.0,60.0,as_loaded_from_eeglab,42,3000,3000,3000,,False,15984.145785765955,15984.145785765955,,14.871607280577628,3.717901820144407,0.16141401710547484,0.026127146687061547,16.186417484417696,0.0,4.6875,23.4375,4.6875,35.9375,2.46707419863691e-15,scripts\cc_benchmark\results\v3_paper_stage1_cluster\benchmark_sub-25_hp1.0hz_jax_cpu.json,ok,sensitivity_only,
ds004505,sub-25,sub-25__jax_gpu,AMICA-Python (JAX-GPU),jax,gpu,fc10413,877574,58.504933333333334,250.0,340,120,64,120,60.94263888888889,214.25146484375,1.0,100.0,60.0,as_loaded_from_eeglab,42,3000,3000,3000,,False,107.0320246280171,107.0320246280171,,14.872103996923656,3.718025999230914,0.16141401710547484,0.026126027554721744,16.185724154086245,0.0,6.25,23.4375,4.6875,35.9375,2.749121229739522e-15,scripts\cc_benchmark\results\v3_paper_stage1_cluster\benchmark_sub-25_hp1.0hz_jax_gpu.json,ok,sensitivity_only,
ds004505,sub-25,sub-25__numpy_cpu,AMICA-Python (NumPy-CPU),numpy,cpu,fc30643,877574,58.504933333333334,250.0,340,120,64,120,60.94263888888889,214.25146484375,1.0,100.0,60.0,as_loaded_from_eeglab,42,3000,3000,3000,,False,19199.169283623924,19199.169283623924,,14.876618545500307,3.7191546363750767,0.16141401710547484,0.026127526213808618,16.186652610681122,0.0,4.6875,23.4375,4.6875,35.9375,2.469693849176825e-15,scripts\cc_benchmark\results\v3_paper_stage1_cluster\benchmark_sub-25_hp1.0hz_numpy_cpu.json,ok,sensitivity_only,
ds004505,sub-25,sub-25__picard_cpu,Picard,picard,cpu,fc30407,877574,58.504933333333334,250.0,340,120,64,120,60.94263888888889,214.25146484375,1.0,100.0,60.0,as_loaded_from_eeglab,42,5000,72,5000,1e-06,True,172.79507486498915,172.79507486498915,,13.895539589008571,3.473884897252143,0.16141401710547484,0.025837504497584755,16.00697694098117,3.125,6.25,23.4375,4.6875,35.9375,3.138280924060465e-15,scripts\cc_benchmark\results\v3_paper_stage1_cluster\benchmark_sub-25_hp1.0hz_picard_cpu.json,ok,sensitivity_only,
