dataset,subject,run_id,method,backend,device,hardware,n_samples,duration_min,sfreq,n_channels_input,n_channels_ica,n_components,rank,kappa_channels,kappa_effective,highpass,lowpass,notch,reference,random_seed,n_iter_requested,n_iter_actual,max_iter,tol,converged_before_cap,fit_runtime_s,total_runtime_s,jit_compile_s,steady_iter_s,dtype,peak_memory_gb,peak_cpu_ram_gb,peak_vram_gb,mir_bits_per_sample,mir_kbits_s,pmi_input_mean_bits,pmi_source_mean_bits,remnant_pmi_percent,nd_5_percent,nd_10_percent,iclabel_brain_percent,iclabel_eye_percent,iclabel_muscle_percent,reconstruction_error,result_path,figure_status,claims_allowed,notes
ds004504,sub-37,sub-37__fastica_cpu,FastICA,fastica,cpu,fc30605,388550,12.951666666666666,500.0,19,19,15,19,1076.3157894736842,1726.888888888889,1.0,100.0,60.0,as_loaded_from_eeglab,42,5000,45,5000,1e-06,True,1.1467296159971738,1.1467296159971738,,,,,,,2.3948792125886555,1.1974396062943278,0.8609381602777093,0.017482631361726023,2.0306489093347566,13.333333333333334,20.0,46.666666666666664,6.666666666666667,0.0,1.0863469307324772e-15,D:\amica-validation-workspace\results\ds004504_v3\benchmark_sub-37_hp1.0hz_fastica_cpu.json,ok,sensitivity_only,
ds004504,sub-37,sub-37__infomax_cpu,Infomax,infomax,cpu,fc30605,388550,12.951666666666666,500.0,19,19,15,19,1076.3157894736842,1726.888888888889,1.0,100.0,60.0,as_loaded_from_eeglab,42,5000,5000,5000,1e-07,False,10.625975158000074,10.625975158000074,,,,,,,2.4156997457583813,1.2078498728791907,0.8609381602777093,0.017038560084031346,1.9790689819737213,6.666666666666667,20.0,53.333333333333336,6.666666666666667,6.666666666666667,7.269370611927639e-16,D:\amica-validation-workspace\results\ds004504_v3\benchmark_sub-37_hp1.0hz_infomax_cpu.json,ok,sensitivity_only,
ds004504,sub-37,sub-37__jax_gpu,AMICA-Python (JAX-GPU),jax,gpu,fc10515,388550,12.951666666666666,500.0,19,19,15,19,1076.3157894736842,1726.888888888889,1.0,100.0,60.0,as_loaded_from_eeglab,42,3000,3000,3000,,False,41.26849286300421,41.26849286300421,,,,0.6572427749633789,0.29803395364433527,0.6572427749633789,2.465577800608866,1.232788900304433,0.8609381602777093,0.016836500521899733,1.9555992867674552,26.666666666666668,33.33333333333333,66.66666666666667,13.333333333333334,0.0,1.1104777087414137e-15,D:\amica-validation-workspace\results\ds004504_v3\benchmark_sub-37_hp1.0hz_jax_gpu.json,ok,sensitivity_only,
ds004504,sub-37,sub-37__picard_cpu,Picard,picard,cpu,fc30605,388550,12.951666666666666,500.0,19,19,15,19,1076.3157894736842,1726.888888888889,1.0,100.0,60.0,as_loaded_from_eeglab,42,5000,57,5000,1e-06,True,6.374232545000268,6.374232545000268,,,,,,,2.4043393113069946,1.2021696556534973,0.8609381602777093,0.017354926749251612,2.015815717083966,20.0,26.666666666666668,46.666666666666664,6.666666666666667,6.666666666666667,9.207451222228254e-16,D:\amica-validation-workspace\results\ds004504_v3\benchmark_sub-37_hp1.0hz_picard_cpu.json,ok,sensitivity_only,
ds004504,sub-38,sub-38__fastica_cpu,FastICA,fastica,cpu,fc30606,447050,14.901666666666667,500.0,19,19,15,19,1238.365650969529,1986.888888888889,1.0,100.0,60.0,as_loaded_from_eeglab,42,5000,103,5000,1e-06,True,3.1730945109957247,3.1730945109957247,,,,,,,5.236084689379338,2.618042344689669,0.9951333692078507,0.04536407570238293,4.5585925571457615,0.0,13.333333333333334,40.0,13.333333333333334,0.0,1.557117577465038e-15,D:\amica-validation-workspace\results\ds004504_v3\benchmark_sub-38_hp1.0hz_fastica_cpu.json,ok,sensitivity_only,
ds004504,sub-38,sub-38__infomax_cpu,Infomax,infomax,cpu,fc30606,447050,14.901666666666667,500.0,19,19,15,19,1238.365650969529,1986.888888888889,1.0,100.0,60.0,as_loaded_from_eeglab,42,5000,5000,5000,1e-07,False,12.810271374997683,12.810271374997683,,,,,,,5.5960956754950075,2.7980478377475038,0.9951333692078507,0.042330368369146616,4.253738210270506,0.0,13.333333333333334,40.0,13.333333333333334,0.0,2.156084214687861e-15,D:\amica-validation-workspace\results\ds004504_v3\benchmark_sub-38_hp1.0hz_infomax_cpu.json,ok,sensitivity_only,
ds004504,sub-38,sub-38__jax_gpu,AMICA-Python (JAX-GPU),jax,gpu,fc10515,447050,14.901666666666667,500.0,19,19,15,19,1238.365650969529,1986.888888888889,1.0,100.0,60.0,as_loaded_from_eeglab,42,3000,3000,3000,,False,13.954055813002924,13.954055813002924,,,,0.7553114891052246,0.3424929426982999,0.7553114891052246,8.372193061968645,4.186096530984322,0.9951333692078507,0.026328339741706407,2.645709666299742,6.666666666666667,26.666666666666668,53.333333333333336,6.666666666666667,0.0,1.3567371631143786e-15,D:\amica-validation-workspace\results\ds004504_v3\benchmark_sub-38_hp1.0hz_jax_gpu.json,ok,sensitivity_only,
ds004504,sub-38,sub-38__picard_cpu,Picard,picard,cpu,fc30606,447050,14.901666666666667,500.0,19,19,15,19,1238.365650969529,1986.888888888889,1.0,100.0,60.0,as_loaded_from_eeglab,42,5000,32,5000,1e-06,True,5.00114972400479,5.00114972400479,,,,,,,5.59348406326434,2.79674203163217,0.9951333692078507,0.042398003809251114,4.260534830924312,0.0,13.333333333333334,40.0,13.333333333333334,0.0,2.150818561570716e-15,D:\amica-validation-workspace\results\ds004504_v3\benchmark_sub-38_hp1.0hz_picard_cpu.json,ok,sensitivity_only,
ds004504,sub-39,sub-39__fastica_cpu,FastICA,fastica,cpu,fc30609,428550,14.285,500.0,19,19,15,19,1187.1191135734073,1904.6666666666667,1.0,100.0,60.0,as_loaded_from_eeglab,42,5000,292,5000,1e-06,True,8.351585345000785,8.351585345000785,,,,,,,4.8249098684618055,2.4124549342309027,0.681060431471706,0.020943009261921927,3.0750588779128014,6.666666666666667,33.33333333333333,66.66666666666667,13.333333333333334,6.666666666666667,9.155712466572352e-16,D:\amica-validation-workspace\results\ds004504_v3\benchmark_sub-39_hp1.0hz_fastica_cpu.json,ok,sensitivity_only,
ds004504,sub-39,sub-39__infomax_cpu,Infomax,infomax,cpu,fc30609,428550,14.285,500.0,19,19,15,19,1187.1191135734073,1904.6666666666667,1.0,100.0,60.0,as_loaded_from_eeglab,42,5000,5000,5000,1e-07,False,10.342923575000896,10.342923575000896,,,,,,,4.883266410538447,2.4416332052692233,0.681060431471706,0.020719850436193354,3.0422925013305724,13.333333333333334,33.33333333333333,66.66666666666667,13.333333333333334,6.666666666666667,1.160611402653715e-15,D:\amica-validation-workspace\results\ds004504_v3\benchmark_sub-39_hp1.0hz_infomax_cpu.json,ok,sensitivity_only,
ds004504,sub-39,sub-39__jax_gpu,AMICA-Python (JAX-GPU),jax,gpu,fc10515,428550,14.285,500.0,19,19,15,19,1187.1191135734073,1904.6666666666667,1.0,100.0,60.0,as_loaded_from_eeglab,42,3000,3000,3000,,False,11.776326102000894,11.776326102000894,,,,0.7242980003356934,0.3284321101382375,0.7242980003356934,5.55663328530488,2.77831664265244,0.681060431471706,0.01772746352132738,2.602920783845868,13.333333333333334,26.666666666666668,73.33333333333333,13.333333333333334,6.666666666666667,1.2264287625680536e-15,D:\amica-validation-workspace\results\ds004504_v3\benchmark_sub-39_hp1.0hz_jax_gpu.json,ok,sensitivity_only,
ds004504,sub-39,sub-39__picard_cpu,Picard,picard,cpu,fc30609,428550,14.285,500.0,19,19,15,19,1187.1191135734073,1904.6666666666667,1.0,100.0,60.0,as_loaded_from_eeglab,42,5000,65,5000,1e-06,True,9.402859644003911,9.402859644003911,,,,,,,4.887621815283312,2.443810907641656,0.681060431471706,0.020642156516730015,3.0308847149032436,6.666666666666667,33.33333333333333,66.66666666666667,13.333333333333334,6.666666666666667,1.2525366887255207e-15,D:\amica-validation-workspace\results\ds004504_v3\benchmark_sub-39_hp1.0hz_picard_cpu.json,ok,sensitivity_only,
ds004504,sub-40,sub-40__fastica_cpu,FastICA,fastica,cpu,fc30609,508550,16.951666666666668,500.0,19,19,15,19,1408.7257617728533,2260.222222222222,1.0,100.0,60.0,as_loaded_from_eeglab,42,5000,65,5000,1e-06,True,2.1243693489959696,2.1243693489959696,,,,,,,3.161650771754797,1.5808253858773984,0.717920237551058,0.02911024124066466,4.0548015946680085,6.666666666666667,13.333333333333334,73.33333333333333,20.0,0.0,1.2867990072251564e-15,D:\amica-validation-workspace\results\ds004504_v3\benchmark_sub-40_hp1.0hz_fastica_cpu.json,ok,sensitivity_only,
ds004504,sub-40,sub-40__infomax_cpu,Infomax,infomax,cpu,fc30609,508550,16.951666666666668,500.0,19,19,15,19,1408.7257617728533,2260.222222222222,1.0,100.0,60.0,as_loaded_from_eeglab,42,5000,5000,5000,1e-07,False,13.589513736995286,13.589513736995286,,,,,,,3.3173875420897225,1.6586937710448613,0.717920237551058,0.028306256982659844,3.9428136305527564,6.666666666666667,6.666666666666667,66.66666666666667,20.0,0.0,2.075490943983807e-15,D:\amica-validation-workspace\results\ds004504_v3\benchmark_sub-40_hp1.0hz_infomax_cpu.json,ok,sensitivity_only,
ds004504,sub-40,sub-40__jax_gpu,AMICA-Python (JAX-GPU),jax,gpu,fc10515,508550,16.951666666666668,500.0,19,19,15,19,1408.7257617728533,2260.222222222222,1.0,100.0,60.0,as_loaded_from_eeglab,42,3000,3000,3000,,False,12.59337688600499,12.59337688600499,,,,0.8584084510803223,0.389230839908123,0.8584084510803223,4.28205073323268,2.14102536661634,0.717920237551058,0.023993698275459857,3.3421119813123306,6.666666666666667,26.666666666666668,73.33333333333333,13.333333333333334,0.0,1.682587012741872e-15,D:\amica-validation-workspace\results\ds004504_v3\benchmark_sub-40_hp1.0hz_jax_gpu.json,ok,sensitivity_only,
ds004504,sub-40,sub-40__picard_cpu,Picard,picard,cpu,fc30609,508550,16.951666666666668,500.0,19,19,15,19,1408.7257617728533,2260.222222222222,1.0,100.0,60.0,as_loaded_from_eeglab,42,5000,33,5000,1e-06,True,5.39860695200332,5.39860695200332,,,,,,,3.335943995048357,1.6679719975241785,0.717920237551058,0.02801464131260543,3.9021941223119576,6.666666666666667,13.333333333333334,66.66666666666667,20.0,0.0,1.3012172150942138e-15,D:\amica-validation-workspace\results\ds004504_v3\benchmark_sub-40_hp1.0hz_picard_cpu.json,ok,sensitivity_only,
ds004504,sub-41,sub-41__fastica_cpu,FastICA,fastica,cpu,fc30609,443550,14.785,500.0,19,19,15,19,1228.6703601108034,1971.3333333333333,1.0,100.0,60.0,as_loaded_from_eeglab,42,5000,57,5000,1e-06,True,1.7226229020016035,1.7226229020016035,,,,,,,1.237356738532327,0.6186783692661635,0.9488245849475428,0.02185350735103804,2.3032189192532617,20.0,20.0,33.333333333333336,13.333333333333334,20.0,7.844314165222284e-16,D:\amica-validation-workspace\results\ds004504_v3\benchmark_sub-41_hp1.0hz_fastica_cpu.json,ok,sensitivity_only,
ds004504,sub-41,sub-41__infomax_cpu,Infomax,infomax,cpu,fc30609,443550,14.785,500.0,19,19,15,19,1228.6703601108034,1971.3333333333333,1.0,100.0,60.0,as_loaded_from_eeglab,42,5000,5000,5000,1e-07,False,12.442820393000147,12.442820393000147,,,,,,,1.2488226342169568,0.6244113171084784,0.9488245849475428,0.021700072932208873,2.287047919759435,20.0,20.0,33.333333333333336,13.333333333333334,20.0,8.095949310363009e-16,D:\amica-validation-workspace\results\ds004504_v3\benchmark_sub-41_hp1.0hz_infomax_cpu.json,ok,sensitivity_only,
ds004504,sub-41,sub-41__jax_gpu,AMICA-Python (JAX-GPU),jax,gpu,fc10515,443550,14.785,500.0,19,19,15,19,1228.6703601108034,1971.3333333333333,1.0,100.0,60.0,as_loaded_from_eeglab,42,3000,3000,3000,,False,12.142031088995282,12.142031088995282,,,,0.7494444847106934,0.33983353432267904,0.7494444847106934,1.2920288569123173,0.6460144284561586,0.9488245849475428,0.021323159971681962,2.2473237213663517,26.666666666666668,26.666666666666668,46.666666666666664,13.333333333333334,20.0,8.770876937454614e-16,D:\amica-validation-workspace\results\ds004504_v3\benchmark_sub-41_hp1.0hz_jax_gpu.json,ok,sensitivity_only,
ds004504,sub-41,sub-41__picard_cpu,Picard,picard,cpu,fc30609,443550,14.785,500.0,19,19,15,19,1228.6703601108034,1971.3333333333333,1.0,100.0,60.0,as_loaded_from_eeglab,42,5000,38,5000,1e-06,True,6.383528627993655,6.383528627993655,,,,,,,1.258692328055357,0.6293461640276785,0.9488245849475428,0.02150116519321789,2.266084325208185,20.0,26.666666666666668,46.666666666666664,13.333333333333334,20.0,6.739976609031686e-16,D:\amica-validation-workspace\results\ds004504_v3\benchmark_sub-41_hp1.0hz_picard_cpu.json,ok,sensitivity_only,
ds004504,sub-42,sub-42__fastica_cpu,FastICA,fastica,cpu,fc30611,487550,16.25166666666667,500.0,19,19,15,19,1350.5540166204987,2166.8888888888887,1.0,100.0,60.0,as_loaded_from_eeglab,42,5000,259,5000,1e-06,True,6.586175465999986,6.586175465999986,,,,,,,2.3335455899921413,1.1667727949960707,0.7709421437416205,0.054705911744443385,7.09598148039212,13.333333333333334,20.0,40.0,13.333333333333334,0.0,7.938992047450382e-16,D:\amica-validation-workspace\results\ds004504_v3\benchmark_sub-42_hp1.0hz_fastica_cpu.json,ok,sensitivity_only,
ds004504,sub-42,sub-42__infomax_cpu,Infomax,infomax,cpu,fc30611,487550,16.25166666666667,500.0,19,19,15,19,1350.5540166204987,2166.8888888888887,1.0,100.0,60.0,as_loaded_from_eeglab,42,5000,5000,5000,1e-07,False,25.73882531900017,25.73882531900017,,,,,,,2.3926407437986974,1.1963203718993487,0.7709421437416205,0.05478859024334043,7.1067058258658,13.333333333333334,20.0,46.666666666666664,13.333333333333334,0.0,7.205284425621626e-16,D:\amica-validation-workspace\results\ds004504_v3\benchmark_sub-42_hp1.0hz_infomax_cpu.json,ok,sensitivity_only,
ds004504,sub-42,sub-42__jax_gpu,AMICA-Python (JAX-GPU),jax,gpu,fc10515,487550,16.25166666666667,500.0,19,19,15,19,1350.5540166204987,2166.8888888888887,1.0,100.0,60.0,as_loaded_from_eeglab,42,3000,3000,3000,,False,12.793386254001234,12.793386254001234,,,,0.8232052326202393,0.37327078077942133,0.8232052326202393,2.975703901590034,1.487851950795017,0.7709421437416205,0.05476076835312846,7.10309700898663,13.333333333333334,20.0,40.0,6.666666666666667,0.0,1.2789753941272376e-15,D:\amica-validation-workspace\results\ds004504_v3\benchmark_sub-42_hp1.0hz_jax_gpu.json,ok,sensitivity_only,
ds004504,sub-42,sub-42__picard_cpu,Picard,picard,cpu,fc30611,487550,16.25166666666667,500.0,19,19,15,19,1350.5540166204987,2166.8888888888887,1.0,100.0,60.0,as_loaded_from_eeglab,42,5000,5000,5000,1e-06,False,729.7062384860037,729.7062384860037,,,,,,,2.0734659603309034,1.0367329801654517,0.7709421437416205,0.0590474975881028,7.6591347440843025,13.333333333333334,13.333333333333334,33.333333333333336,13.333333333333334,0.0,9.7093814665457e-16,D:\amica-validation-workspace\results\ds004504_v3\benchmark_sub-42_hp1.0hz_picard_cpu.json,ok,sensitivity_only,
ds004504,sub-43,sub-43__fastica_cpu,FastICA,fastica,cpu,fc30611,414550,13.818333333333333,500.0,19,19,15,19,1148.337950138504,1842.4444444444443,1.0,100.0,60.0,as_loaded_from_eeglab,42,5000,52,5000,1e-06,True,1.3509967530044378,1.3509967530044378,,,,,,,1.467669469870991,0.7338347349354954,1.0353757691374936,0.02161683310741999,2.0878248991115194,0.0,13.333333333333334,46.666666666666664,13.333333333333334,6.666666666666667,8.063727724864554e-16,D:\amica-validation-workspace\results\ds004504_v3\benchmark_sub-43_hp1.0hz_fastica_cpu.json,ok,sensitivity_only,
ds004504,sub-43,sub-43__infomax_cpu,Infomax,infomax,cpu,fc30611,414550,13.818333333333333,500.0,19,19,15,19,1148.337950138504,1842.4444444444443,1.0,100.0,60.0,as_loaded_from_eeglab,42,5000,105,5000,1e-07,True,17.570558072002314,17.570558072002314,,,,,,,1.4010809636546497,0.7005404818273248,1.0353757691374936,0.022265248924958552,2.1504510332037547,0.0,0.0,40.0,13.333333333333334,13.333333333333334,5.306839891899471e-16,D:\amica-validation-workspace\results\ds004504_v3\benchmark_sub-43_hp1.0hz_infomax_cpu.json,ok,sensitivity_only,
ds004504,sub-43,sub-43__jax_gpu,AMICA-Python (JAX-GPU),jax,gpu,fc10515,414550,13.818333333333333,500.0,19,19,15,19,1148.337950138504,1842.4444444444443,1.0,100.0,60.0,as_loaded_from_eeglab,42,3000,3000,3000,,False,11.799155785003677,11.799155785003677,,,,0.7008285522460938,0.3177937315776944,0.7008285522460938,2.054184286355884,1.027092143177942,1.0353757691374936,0.017198275640089546,1.6610660740511967,0.0,26.666666666666668,46.666666666666664,13.333333333333334,6.666666666666667,2.171065524462906e-15,D:\amica-validation-workspace\results\ds004504_v3\benchmark_sub-43_hp1.0hz_jax_gpu.json,ok,sensitivity_only,
ds004504,sub-43,sub-43__picard_cpu,Picard,picard,cpu,fc30611,414550,13.818333333333333,500.0,19,19,15,19,1148.337950138504,1842.4444444444443,1.0,100.0,60.0,as_loaded_from_eeglab,42,5000,39,5000,1e-06,True,4.56952290400659,4.56952290400659,,,,,,,1.4602518929999206,0.7301259464999602,1.0353757691374936,0.021603763062298872,2.0865625511301666,0.0,13.333333333333334,40.0,13.333333333333334,6.666666666666667,8.10027720229355e-16,D:\amica-validation-workspace\results\ds004504_v3\benchmark_sub-43_hp1.0hz_picard_cpu.json,ok,sensitivity_only,
ds004504,sub-44,sub-44__fastica_cpu,FastICA,fastica,cpu,fc30612,440800,14.693333333333333,500.0,19,19,15,19,1221.0526315789473,1959.111111111111,1.0,100.0,60.0,as_loaded_from_eeglab,42,5000,54,5000,1e-06,True,1.3349462940022931,1.3349462940022931,,,,,,,0.7531166453805547,0.37655832269027734,0.9073892304817701,0.017862306949908344,1.9685385664567028,13.333333333333334,33.33333333333333,53.333333333333336,13.333333333333334,0.0,1.2470488174885109e-15,D:\amica-validation-workspace\results\ds004504_v3\benchmark_sub-44_hp1.0hz_fastica_cpu.json,ok,sensitivity_only,
ds004504,sub-44,sub-44__infomax_cpu,Infomax,infomax,cpu,fc30612,440800,14.693333333333333,500.0,19,19,15,19,1221.0526315789473,1959.111111111111,1.0,100.0,60.0,as_loaded_from_eeglab,42,5000,5000,5000,1e-07,False,9.917272503000277,9.917272503000277,,,,,,,0.7580851737786425,0.37904258688932124,0.9073892304817701,0.017839259376688923,1.9659985789358916,13.333333333333334,26.666666666666668,53.333333333333336,13.333333333333334,0.0,1.1686945573844646e-15,D:\amica-validation-workspace\results\ds004504_v3\benchmark_sub-44_hp1.0hz_infomax_cpu.json,ok,sensitivity_only,
ds004504,sub-44,sub-44__jax_gpu,AMICA-Python (JAX-GPU),jax,gpu,fc10515,440800,14.693333333333333,500.0,19,19,15,19,1221.0526315789473,1959.111111111111,1.0,100.0,60.0,as_loaded_from_eeglab,42,3000,3000,3000,,False,12.433336342000985,12.433336342000985,,,,0.7448329925537109,0.3377433503046632,0.7448329925537109,0.770959263623876,0.385479631811938,0.9073892304817701,0.01746402925518624,1.9246458596289346,6.666666666666667,20.0,66.66666666666667,13.333333333333334,0.0,1.089398120504233e-15,D:\amica-validation-workspace\results\ds004504_v3\benchmark_sub-44_hp1.0hz_jax_gpu.json,ok,sensitivity_only,
ds004504,sub-44,sub-44__picard_cpu,Picard,picard,cpu,fc30612,440800,14.693333333333333,500.0,19,19,15,19,1221.0526315789473,1959.111111111111,1.0,100.0,60.0,as_loaded_from_eeglab,42,5000,61,5000,1e-06,True,7.928089042994543,7.928089042994543,,,,,,,0.7594501244749772,0.3797250622374886,0.9073892304817701,0.01792366743160538,1.9753008774513416,13.333333333333334,26.666666666666668,53.333333333333336,13.333333333333334,0.0,1.6379799671226421e-15,D:\amica-validation-workspace\results\ds004504_v3\benchmark_sub-44_hp1.0hz_picard_cpu.json,ok,sensitivity_only,
ds004504,sub-45,sub-45__fastica_cpu,FastICA,fastica,cpu,fc30612,431350,14.378333333333334,500.0,19,19,15,19,1194.875346260388,1917.111111111111,1.0,100.0,60.0,as_loaded_from_eeglab,42,5000,133,5000,1e-06,True,2.9702770869989763,2.9702770869989763,,,,,,,3.8892435929066806,1.9446217964533403,0.9923850563236882,0.028223660728091723,2.844023148902189,6.666666666666667,13.333333333333334,60.0,6.666666666666667,0.0,6.34900746942307e-16,D:\amica-validation-workspace\results\ds004504_v3\benchmark_sub-45_hp1.0hz_fastica_cpu.json,ok,sensitivity_only,
ds004504,sub-45,sub-45__infomax_cpu,Infomax,infomax,cpu,fc30612,431350,14.378333333333334,500.0,19,19,15,19,1194.875346260388,1917.111111111111,1.0,100.0,60.0,as_loaded_from_eeglab,42,5000,87,5000,1e-07,True,12.168969256999844,12.168969256999844,,,,,,,4.0426313700436864,2.0213156850218432,0.9923850563236882,0.027752155091309166,2.7965107812201064,6.666666666666667,13.333333333333334,66.66666666666667,0.0,0.0,1.481813971288896e-15,D:\amica-validation-workspace\results\ds004504_v3\benchmark_sub-45_hp1.0hz_infomax_cpu.json,ok,sensitivity_only,
ds004504,sub-45,sub-45__jax_gpu,AMICA-Python (JAX-GPU),jax,gpu,fc10515,431350,14.378333333333334,500.0,19,19,15,19,1194.875346260388,1917.111111111111,1.0,100.0,60.0,as_loaded_from_eeglab,42,3000,3000,3000,,False,11.9462648070039,11.9462648070039,,,,0.7289917469024658,0.330560389906168,0.7289917469024658,5.3049345113025055,2.6524672556512527,0.9923850563236882,0.019452375645974965,1.9601641038446014,6.666666666666667,20.0,53.333333333333336,13.333333333333334,0.0,1.1170750275976475e-15,D:\amica-validation-workspace\results\ds004504_v3\benchmark_sub-45_hp1.0hz_jax_gpu.json,ok,sensitivity_only,
ds004504,sub-45,sub-45__picard_cpu,Picard,picard,cpu,fc30612,431350,14.378333333333334,500.0,19,19,15,19,1194.875346260388,1917.111111111111,1.0,100.0,60.0,as_loaded_from_eeglab,42,5000,39,5000,1e-06,True,4.366865566000342,4.366865566000342,,,,,,,4.088324935623916,2.044162467811958,0.9923850563236882,0.02712190449581388,2.7330021066910817,6.666666666666667,20.0,66.66666666666667,6.666666666666667,0.0,6.329453082795467e-16,D:\amica-validation-workspace\results\ds004504_v3\benchmark_sub-45_hp1.0hz_picard_cpu.json,ok,sensitivity_only,
ds004504,sub-46,sub-46__fastica_cpu,FastICA,fastica,cpu,fc30612,379200,12.639999999999999,500.0,19,19,15,19,1050.415512465374,1685.3333333333333,1.0,100.0,60.0,as_loaded_from_eeglab,42,5000,55,5000,1e-06,True,1.1554890740007977,1.1554890740007977,,,,,,,5.357659774581634,2.678829887290817,0.7788113778338286,0.028168250595283124,3.616825767701259,6.666666666666667,20.0,66.66666666666667,13.333333333333334,0.0,1.3108742275967553e-15,D:\amica-validation-workspace\results\ds004504_v3\benchmark_sub-46_hp1.0hz_fastica_cpu.json,ok,sensitivity_only,
ds004504,sub-46,sub-46__infomax_cpu,Infomax,infomax,cpu,fc30612,379200,12.639999999999999,500.0,19,19,15,19,1050.415512465374,1685.3333333333333,1.0,100.0,60.0,as_loaded_from_eeglab,42,5000,5000,5000,1e-07,False,6.395672067003034,6.395672067003034,,,,,,,5.346278183663266,2.673139091831633,0.7788113778338286,0.02829346551607578,3.6329034630658192,6.666666666666667,26.666666666666668,66.66666666666667,13.333333333333334,0.0,9.398541249621928e-16,D:\amica-validation-workspace\results\ds004504_v3\benchmark_sub-46_hp1.0hz_infomax_cpu.json,ok,sensitivity_only,
ds004504,sub-46,sub-46__jax_gpu,AMICA-Python (JAX-GPU),jax,gpu,fc10515,379200,12.639999999999999,500.0,19,19,15,19,1050.415512465374,1685.3333333333333,1.0,100.0,60.0,as_loaded_from_eeglab,42,3000,2554,3000,,True,10.921512472996255,10.921512472996255,,,,0.6415679454803467,0.29092768486589193,0.6415679454803467,6.132980108841458,3.066490054420729,0.7788113778338286,0.02628988035802375,3.3756415360990144,13.333333333333334,26.666666666666668,80.0,13.333333333333334,0.0,2.310845341054638e-15,D:\amica-validation-workspace\results\ds004504_v3\benchmark_sub-46_hp1.0hz_jax_gpu.json,ok,sensitivity_only,
ds004504,sub-46,sub-46__picard_cpu,Picard,picard,cpu,fc30612,379200,12.639999999999999,500.0,19,19,15,19,1050.415512465374,1685.3333333333333,1.0,100.0,60.0,as_loaded_from_eeglab,42,5000,46,5000,1e-06,True,5.218857009997009,5.218857009997009,,,,,,,5.434935427998887,2.7174677139994436,0.7788113778338286,0.027828743138089567,3.5732327403192174,6.666666666666667,20.0,66.66666666666667,13.333333333333334,0.0,2.6368586111268723e-15,D:\amica-validation-workspace\results\ds004504_v3\benchmark_sub-46_hp1.0hz_picard_cpu.json,ok,sensitivity_only,
ds004504,sub-47,sub-47__fastica_cpu,FastICA,fastica,cpu,fc30612,404000,13.466666666666667,500.0,19,19,15,19,1119.1135734072022,1795.5555555555557,1.0,100.0,60.0,as_loaded_from_eeglab,42,5000,88,5000,1e-06,True,2.133639874002256,2.133639874002256,,,,,,,5.376912402431188,2.688456201215594,0.9909351407363667,0.023179933807921566,2.339197880367477,20.0,26.666666666666668,46.666666666666664,13.333333333333334,6.666666666666667,1.167261565751217e-15,D:\amica-validation-workspace\results\ds004504_v3\benchmark_sub-47_hp1.0hz_fastica_cpu.json,ok,sensitivity_only,
ds004504,sub-47,sub-47__infomax_cpu,Infomax,infomax,cpu,fc30612,404000,13.466666666666667,500.0,19,19,15,19,1119.1135734072022,1795.5555555555557,1.0,100.0,60.0,as_loaded_from_eeglab,42,5000,5000,5000,1e-07,False,20.85047807099909,20.85047807099909,,,,,,,5.489484740530266,2.744742370265133,0.9909351407363667,0.022559856275235855,2.2766228936508965,13.333333333333334,13.333333333333334,46.666666666666664,13.333333333333334,6.666666666666667,1.2394171949753576e-15,D:\amica-validation-workspace\results\ds004504_v3\benchmark_sub-47_hp1.0hz_infomax_cpu.json,ok,sensitivity_only,
ds004504,sub-47,sub-47__jax_gpu,AMICA-Python (JAX-GPU),jax,gpu,fc10515,404000,13.466666666666667,500.0,19,19,15,19,1119.1135734072022,1795.5555555555557,1.0,100.0,60.0,as_loaded_from_eeglab,42,3000,3000,3000,,False,12.544409219000954,12.544409219000954,,,,0.6831421852111816,0.30977562721818686,0.6831421852111816,6.180244985070729,3.0901224925353645,0.9909351407363667,0.01856052357799414,1.873031121310499,26.666666666666668,26.666666666666668,53.333333333333336,13.333333333333334,6.666666666666667,6.459814122816712e-16,D:\amica-validation-workspace\results\ds004504_v3\benchmark_sub-47_hp1.0hz_jax_gpu.json,ok,sensitivity_only,
ds004504,sub-47,sub-47__picard_cpu,Picard,picard,cpu,fc30612,404000,13.466666666666667,500.0,19,19,15,19,1119.1135734072022,1795.5555555555557,1.0,100.0,60.0,as_loaded_from_eeglab,42,5000,961,5000,1e-06,True,99.98855696400278,99.98855696400278,,,,,,,5.518526606065258,2.759263303032629,0.9909351407363667,0.02203346778723326,2.2235025161041446,20.0,26.666666666666668,46.666666666666664,13.333333333333334,6.666666666666667,4.19461855651091e-15,D:\amica-validation-workspace\results\ds004504_v3\benchmark_sub-47_hp1.0hz_picard_cpu.json,ok,sensitivity_only,
ds004504,sub-48,sub-48__fastica_cpu,FastICA,fastica,cpu,fc30612,506700,16.89,500.0,19,19,15,19,1403.601108033241,2252.0,1.0,100.0,60.0,as_loaded_from_eeglab,42,5000,264,5000,1e-06,True,8.151870615998632,8.151870615998632,,,,,,,5.144524224365057,2.572262112182529,0.754436636997889,0.050193981453635496,6.6531739038246025,20.0,26.666666666666668,53.333333333333336,6.666666666666667,13.333333333333334,2.617402134892658e-15,D:\amica-validation-workspace\results\ds004504_v3\benchmark_sub-48_hp1.0hz_fastica_cpu.json,ok,sensitivity_only,
ds004504,sub-48,sub-48__infomax_cpu,Infomax,infomax,cpu,fc30612,506700,16.89,500.0,19,19,15,19,1403.601108033241,2252.0,1.0,100.0,60.0,as_loaded_from_eeglab,42,5000,5000,5000,1e-07,False,11.374657179003407,11.374657179003407,,,,,,,5.325258012163548,2.662629006081774,0.754436636997889,0.04947071830489978,6.557305925883635,20.0,26.666666666666668,40.0,6.666666666666667,20.0,5.076301064292905e-15,D:\amica-validation-workspace\results\ds004504_v3\benchmark_sub-48_hp1.0hz_infomax_cpu.json,ok,sensitivity_only,
ds004504,sub-48,sub-48__jax_gpu,AMICA-Python (JAX-GPU),jax,gpu,fc10515,506700,16.89,500.0,19,19,15,19,1403.601108033241,2252.0,1.0,100.0,60.0,as_loaded_from_eeglab,42,3000,3000,3000,,False,12.631979714002227,12.631979714002227,,,,0.85530686378479,0.3878234662115574,0.85530686378479,7.294070089550779,3.6470350447753894,0.754436636997889,0.04064316762653894,5.387220825895901,20.0,26.666666666666668,53.333333333333336,13.333333333333334,13.333333333333334,1.7697716365143193e-15,D:\amica-validation-workspace\results\ds004504_v3\benchmark_sub-48_hp1.0hz_jax_gpu.json,ok,sensitivity_only,
ds004504,sub-48,sub-48__picard_cpu,Picard,picard,cpu,fc30612,506700,16.89,500.0,19,19,15,19,1403.601108033241,2252.0,1.0,100.0,60.0,as_loaded_from_eeglab,42,5000,35,5000,1e-06,True,7.143945947995235,7.143945947995235,,,,,,,5.32417573697823,2.662087868489115,0.754436636997889,0.04945437593964451,6.555139757851247,20.0,26.666666666666668,40.0,6.666666666666667,20.0,4.807041500697216e-15,D:\amica-validation-workspace\results\ds004504_v3\benchmark_sub-48_hp1.0hz_picard_cpu.json,ok,sensitivity_only,
ds004504,sub-49,sub-49__fastica_cpu,FastICA,fastica,cpu,fc30612,392100,13.07,500.0,19,19,15,19,1086.1495844875346,1742.6666666666667,1.0,100.0,60.0,as_loaded_from_eeglab,42,5000,133,5000,1e-06,True,3.5059080149949295,3.5059080149949295,,,,,,,1.5912652116804473,0.7956326058402237,0.9741779713959299,0.016795837060992726,1.7241035574768182,26.666666666666668,33.33333333333333,46.666666666666664,13.333333333333334,6.666666666666667,7.676682172815174e-16,D:\amica-validation-workspace\results\ds004504_v3\benchmark_sub-49_hp1.0hz_fastica_cpu.json,ok,sensitivity_only,
ds004504,sub-49,sub-49__infomax_cpu,Infomax,infomax,cpu,fc30612,392100,13.07,500.0,19,19,15,19,1086.1495844875346,1742.6666666666667,1.0,100.0,60.0,as_loaded_from_eeglab,42,5000,5000,5000,1e-07,False,9.54578150100133,9.54578150100133,,,,,,,1.5946871147030919,0.797343557351546,0.9741779713959299,0.01672411192358955,1.716740925646784,13.333333333333334,33.33333333333333,46.666666666666664,13.333333333333334,6.666666666666667,8.806659008292225e-16,D:\amica-validation-workspace\results\ds004504_v3\benchmark_sub-49_hp1.0hz_infomax_cpu.json,ok,sensitivity_only,
ds004504,sub-49,sub-49__jax_gpu,AMICA-Python (JAX-GPU),jax,gpu,fc10515,392100,13.07,500.0,19,19,15,19,1086.1495844875346,1742.6666666666667,1.0,100.0,60.0,as_loaded_from_eeglab,42,3000,3000,3000,,False,11.759770231998118,11.759770231998118,,,,0.6631937026977539,0.30073318537324667,0.6631937026977539,1.6142606663990478,0.8071303331995239,0.9741779713959299,0.016461913120776234,1.6898260486415484,20.0,40.0,53.333333333333336,13.333333333333334,6.666666666666667,5.9689070712654e-16,D:\amica-validation-workspace\results\ds004504_v3\benchmark_sub-49_hp1.0hz_jax_gpu.json,ok,sensitivity_only,
ds004504,sub-49,sub-49__picard_cpu,Picard,picard,cpu,fc30612,392100,13.07,500.0,19,19,15,19,1086.1495844875346,1742.6666666666667,1.0,100.0,60.0,as_loaded_from_eeglab,42,5000,57,5000,1e-06,True,7.239414541996666,7.239414541996666,,,,,,,1.5977207177645312,0.7988603588822656,0.9741779713959299,0.01678421438598179,1.7229104823558234,26.666666666666668,33.33333333333333,46.666666666666664,13.333333333333334,6.666666666666667,1.0878741943093327e-15,D:\amica-validation-workspace\results\ds004504_v3\benchmark_sub-49_hp1.0hz_picard_cpu.json,ok,sensitivity_only,
ds004504,sub-50,sub-50__fastica_cpu,FastICA,fastica,cpu,fc30612,413350,13.778333333333334,500.0,19,19,15,19,1145.0138504155125,1837.111111111111,1.0,100.0,60.0,as_loaded_from_eeglab,42,5000,31,5000,1e-06,True,0.8882533079959103,0.8882533079959103,,,,,,,2.548482324244379,1.2742411621221894,0.8576437928262645,0.029401378498053955,3.428157324052351,13.333333333333334,20.0,53.333333333333336,13.333333333333334,6.666666666666667,1.0421975617036182e-15,D:\amica-validation-workspace\results\ds004504_v3\benchmark_sub-50_hp1.0hz_fastica_cpu.json,ok,sensitivity_only,
ds004504,sub-50,sub-50__infomax_cpu,Infomax,infomax,cpu,fc30612,413350,13.778333333333334,500.0,19,19,15,19,1145.0138504155125,1837.111111111111,1.0,100.0,60.0,as_loaded_from_eeglab,42,5000,5000,5000,1e-07,False,11.276621646997228,11.276621646997228,,,,,,,2.5933878289873356,1.2966939144936678,0.8576437928262645,0.02917076641071134,3.4012682951487943,13.333333333333334,26.666666666666668,53.333333333333336,6.666666666666667,6.666666666666667,9.810797334368867e-16,D:\amica-validation-workspace\results\ds004504_v3\benchmark_sub-50_hp1.0hz_infomax_cpu.json,ok,sensitivity_only,
ds004504,sub-50,sub-50__jax_gpu,AMICA-Python (JAX-GPU),jax,gpu,fc10515,413350,13.778333333333334,500.0,19,19,15,19,1145.0138504155125,1837.111111111111,1.0,100.0,60.0,as_loaded_from_eeglab,42,3000,2818,3000,,True,11.548566224999377,11.548566224999377,,,,0.6988170146942139,0.31688115280121565,0.6988170146942139,2.9685392139087625,1.4842696069543813,0.8576437928262645,0.028820066877038083,3.3603772473027447,13.333333333333334,13.333333333333334,33.333333333333336,20.0,20.0,7.472202318898591e-16,D:\amica-validation-workspace\results\ds004504_v3\benchmark_sub-50_hp1.0hz_jax_gpu.json,ok,sensitivity_only,
ds004504,sub-50,sub-50__picard_cpu,Picard,picard,cpu,fc30612,413350,13.778333333333334,500.0,19,19,15,19,1145.0138504155125,1837.111111111111,1.0,100.0,60.0,as_loaded_from_eeglab,42,5000,36,5000,1e-06,True,5.105835630994989,5.105835630994989,,,,,,,2.5957868786494416,1.2978934393247208,0.8576437928262645,0.029209973407965273,3.405839773142558,13.333333333333334,26.666666666666668,46.666666666666664,6.666666666666667,6.666666666666667,9.44444930762675e-16,D:\amica-validation-workspace\results\ds004504_v3\benchmark_sub-50_hp1.0hz_picard_cpu.json,ok,sensitivity_only,
ds004504,sub-51,sub-51__fastica_cpu,FastICA,fastica,cpu,fc30614,393650,13.121666666666666,500.0,19,19,15,19,1090.4432132963989,1749.5555555555557,1.0,100.0,60.0,as_loaded_from_eeglab,42,5000,119,5000,1e-06,True,2.9917370449984446,2.9917370449984446,,,,,,,2.289717517318497,1.1448587586592485,0.9642358707204775,0.038974580849814894,4.042017314777252,6.666666666666667,20.0,46.666666666666664,6.666666666666667,0.0,1.2754619280778837e-15,D:\amica-validation-workspace\results\ds004504_v3\benchmark_sub-51_hp1.0hz_fastica_cpu.json,ok,sensitivity_only,
ds004504,sub-51,sub-51__infomax_cpu,Infomax,infomax,cpu,fc30614,393650,13.121666666666666,500.0,19,19,15,19,1090.4432132963989,1749.5555555555557,1.0,100.0,60.0,as_loaded_from_eeglab,42,5000,5000,5000,1e-07,False,10.98882280500402,10.98882280500402,,,,,,,2.342861941098608,1.171430970549304,0.9642358707204775,0.0388665417636053,4.030812682229318,6.666666666666667,6.666666666666667,40.0,6.666666666666667,0.0,2.7387215167534195e-15,D:\amica-validation-workspace\results\ds004504_v3\benchmark_sub-51_hp1.0hz_infomax_cpu.json,ok,sensitivity_only,
ds004504,sub-51,sub-51__jax_gpu,AMICA-Python (JAX-GPU),jax,gpu,fc10515,393650,13.121666666666666,500.0,19,19,15,19,1090.4432132963989,1749.5555555555557,1.0,100.0,60.0,as_loaded_from_eeglab,42,3000,3000,3000,,False,11.62756675399578,11.62756675399578,,,,0.66579270362854,0.30190992169082165,0.66579270362854,2.8958885363713307,1.4479442681856654,0.9642358707204775,0.03868197476204718,4.011671411181166,6.666666666666667,20.0,60.0,6.666666666666667,0.0,2.2910568174341344e-15,D:\amica-validation-workspace\results\ds004504_v3\benchmark_sub-51_hp1.0hz_jax_gpu.json,ok,sensitivity_only,
ds004504,sub-51,sub-51__picard_cpu,Picard,picard,cpu,fc30614,393650,13.121666666666666,500.0,19,19,15,19,1090.4432132963989,1749.5555555555557,1.0,100.0,60.0,as_loaded_from_eeglab,42,5000,69,5000,1e-06,True,10.243291318998672,10.243291318998672,,,,,,,2.342293165627929,1.1711465828139644,0.9642358707204775,0.03884520976185876,4.028600360286701,6.666666666666667,6.666666666666667,40.0,6.666666666666667,0.0,2.720997467714113e-15,D:\amica-validation-workspace\results\ds004504_v3\benchmark_sub-51_hp1.0hz_picard_cpu.json,ok,sensitivity_only,
ds004504,sub-52,sub-52__fastica_cpu,FastICA,fastica,cpu,fc30614,380550,12.685,500.0,19,19,15,19,1054.1551246537397,1691.3333333333333,1.0,100.0,60.0,as_loaded_from_eeglab,42,5000,57,5000,1e-06,True,1.198683146998519,1.198683146998519,,,,,,,0.6408582585735267,0.32042912928676337,0.9297025825465751,0.021009089245048677,2.2597645353960485,6.666666666666667,40.0,53.333333333333336,20.0,0.0,7.276307567449554e-16,D:\amica-validation-workspace\results\ds004504_v3\benchmark_sub-52_hp1.0hz_fastica_cpu.json,ok,sensitivity_only,
ds004504,sub-52,sub-52__infomax_cpu,Infomax,infomax,cpu,fc30614,380550,12.685,500.0,19,19,15,19,1054.1551246537397,1691.3333333333333,1.0,100.0,60.0,as_loaded_from_eeglab,42,5000,5000,5000,1e-07,False,9.255852682996192,9.255852682996192,,,,,,,0.642902690944652,0.321451345472326,0.9297025825465751,0.02105267894778547,2.2644530996267074,6.666666666666667,40.0,40.0,13.333333333333334,20.0,7.292433658016646e-16,D:\amica-validation-workspace\results\ds004504_v3\benchmark_sub-52_hp1.0hz_infomax_cpu.json,ok,sensitivity_only,
ds004504,sub-52,sub-52__jax_gpu,AMICA-Python (JAX-GPU),jax,gpu,fc10515,380550,12.685,500.0,19,19,15,19,1054.1551246537397,1691.3333333333333,1.0,100.0,60.0,as_loaded_from_eeglab,42,3000,3000,3000,,False,11.533345937998092,11.533345937998092,,,,0.643831729888916,0.2919556563720107,0.643831729888916,0.667610229004616,0.33380511450230804,0.9297025825465751,0.021111181971017787,2.2707457597021556,6.666666666666667,33.33333333333333,46.666666666666664,20.0,6.666666666666667,7.130088972785215e-16,D:\amica-validation-workspace\results\ds004504_v3\benchmark_sub-52_hp1.0hz_jax_gpu.json,ok,sensitivity_only,
ds004504,sub-52,sub-52__picard_cpu,Picard,picard,cpu,fc30614,380550,12.685,500.0,19,19,15,19,1054.1551246537397,1691.3333333333333,1.0,100.0,60.0,as_loaded_from_eeglab,42,5000,1037,5000,1e-06,True,115.28177436199621,115.28177436199621,,,,,,,0.6451549301033701,0.32257746505168505,0.9297025825465751,0.020965107982450187,2.255033854485384,6.666666666666667,40.0,60.0,13.333333333333334,13.333333333333334,7.317185155995047e-16,D:\amica-validation-workspace\results\ds004504_v3\benchmark_sub-52_hp1.0hz_picard_cpu.json,ok,sensitivity_only,
ds004504,sub-53,sub-53__fastica_cpu,FastICA,fastica,cpu,fc30614,399650,13.321666666666665,500.0,19,19,15,19,1107.0637119113574,1776.2222222222222,1.0,100.0,60.0,as_loaded_from_eeglab,42,5000,74,5000,1e-06,True,1.7156519790005405,1.7156519790005405,,,,,,,1.3990717483970059,0.6995358741985029,0.6696382028795442,0.04014413758298474,5.994899545808312,6.666666666666667,26.666666666666668,60.0,13.333333333333334,0.0,2.5929954969356207e-15,D:\amica-validation-workspace\results\ds004504_v3\benchmark_sub-53_hp1.0hz_fastica_cpu.json,ok,sensitivity_only,
ds004504,sub-53,sub-53__infomax_cpu,Infomax,infomax,cpu,fc30614,399650,13.321666666666665,500.0,19,19,15,19,1107.0637119113574,1776.2222222222222,1.0,100.0,60.0,as_loaded_from_eeglab,42,5000,5000,5000,1e-07,False,7.79519411399815,7.79519411399815,,,,,,,1.6276981755618394,0.8138490877809197,0.6696382028795442,0.039315616485162685,5.871172868587793,6.666666666666667,26.666666666666668,53.333333333333336,13.333333333333334,0.0,1.2028476474746086e-15,D:\amica-validation-workspace\results\ds004504_v3\benchmark_sub-53_hp1.0hz_infomax_cpu.json,ok,sensitivity_only,
ds004504,sub-53,sub-53__jax_gpu,AMICA-Python (JAX-GPU),jax,gpu,fc10515,399650,13.321666666666665,500.0,19,19,15,19,1107.0637119113574,1776.2222222222222,1.0,100.0,60.0,as_loaded_from_eeglab,42,3000,3000,3000,,False,11.571725846995832,11.571725846995832,,,,0.6758501529693604,0.3064700271934271,0.6758501529693604,3.0957127931441946,1.5478563965720973,0.6696382028795442,0.03394350845453511,5.068932493482743,20.0,20.0,60.0,13.333333333333334,0.0,1.2066001826467063e-15,D:\amica-validation-workspace\results\ds004504_v3\benchmark_sub-53_hp1.0hz_jax_gpu.json,ok,sensitivity_only,
ds004504,sub-53,sub-53__picard_cpu,Picard,picard,cpu,fc30614,399650,13.321666666666665,500.0,19,19,15,19,1107.0637119113574,1776.2222222222222,1.0,100.0,60.0,as_loaded_from_eeglab,42,5000,47,5000,1e-06,True,7.419722954000463,7.419722954000463,,,,,,,1.6292428765213742,0.8146214382606871,0.6696382028795442,0.039292559854600714,5.867729721159402,13.333333333333334,20.0,53.333333333333336,13.333333333333334,0.0,1.0820323492076191e-15,D:\amica-validation-workspace\results\ds004504_v3\benchmark_sub-53_hp1.0hz_picard_cpu.json,ok,sensitivity_only,
ds004504,sub-54,sub-54__fastica_cpu,FastICA,fastica,cpu,fc30615,421150,14.038333333333332,500.0,19,19,15,19,1166.6204986149585,1871.7777777777778,1.0,100.0,60.0,as_loaded_from_eeglab,42,5000,148,5000,1e-06,True,3.3922864479973214,3.3922864479973214,,,,,,,0.9752413377072351,0.48762066885361754,0.7994143567874461,0.025485881343139265,3.1880690066110025,0.0,26.666666666666668,60.0,13.333333333333334,6.666666666666667,6.253705965736521e-16,D:\amica-validation-workspace\results\ds004504_v3\benchmark_sub-54_hp1.0hz_fastica_cpu.json,ok,sensitivity_only,
ds004504,sub-54,sub-54__infomax_cpu,Infomax,infomax,cpu,fc30615,421150,14.038333333333332,500.0,19,19,15,19,1166.6204986149585,1871.7777777777778,1.0,100.0,60.0,as_loaded_from_eeglab,42,5000,5000,5000,1e-07,False,8.196423242996389,8.196423242996389,,,,,,,1.012743596290047,0.5063717981450235,0.7994143567874461,0.02531065119602993,3.166149191733831,0.0,26.666666666666668,46.666666666666664,13.333333333333334,6.666666666666667,6.021710974332445e-16,D:\amica-validation-workspace\results\ds004504_v3\benchmark_sub-54_hp1.0hz_infomax_cpu.json,ok,sensitivity_only,
ds004504,sub-54,sub-54__jax_gpu,AMICA-Python (JAX-GPU),jax,gpu,fc10516,421150,14.038333333333332,500.0,19,19,15,19,1166.6204986149585,1871.7777777777778,1.0,100.0,60.0,as_loaded_from_eeglab,42,3000,3000,3000,,False,16.221490429998084,16.221490429998084,,,,0.7118935585021973,0.322809767909348,0.7118935585021973,1.1531541190763122,0.5765770595381561,0.7994143567874461,0.02450170843284513,3.0649572683818858,6.666666666666667,20.0,60.0,13.333333333333334,6.666666666666667,8.109501888105386e-16,D:\amica-validation-workspace\results\ds004504_v3\benchmark_sub-54_hp1.0hz_jax_gpu.json,ok,sensitivity_only,
ds004504,sub-54,sub-54__picard_cpu,Picard,picard,cpu,fc30615,421150,14.038333333333332,500.0,19,19,15,19,1166.6204986149585,1871.7777777777778,1.0,100.0,60.0,as_loaded_from_eeglab,42,5000,86,5000,1e-06,True,10.040003472000535,10.040003472000535,,,,,,,1.015909975153935,0.5079549875769676,0.7994143567874461,0.02530522911210688,3.1654709347226815,0.0,26.666666666666668,53.333333333333336,13.333333333333334,6.666666666666667,1.0905549755568642e-15,D:\amica-validation-workspace\results\ds004504_v3\benchmark_sub-54_hp1.0hz_picard_cpu.json,ok,sensitivity_only,
ds004504,sub-55,sub-55__fastica_cpu,FastICA,fastica,cpu,fc30615,412000,13.733333333333333,500.0,19,19,15,19,1141.2742382271467,1831.111111111111,1.0,100.0,60.0,as_loaded_from_eeglab,42,5000,54,5000,1e-06,True,1.291329453997605,1.291329453997605,,,,,,,0.5923967067723908,0.2961983533861954,0.8999208402174007,0.018496086494071546,2.055301496251971,13.333333333333334,20.0,60.0,6.666666666666667,0.0,7.419196110561935e-16,D:\amica-validation-workspace\results\ds004504_v3\benchmark_sub-55_hp1.0hz_fastica_cpu.json,ok,sensitivity_only,
ds004504,sub-55,sub-55__infomax_cpu,Infomax,infomax,cpu,fc30615,412000,13.733333333333333,500.0,19,19,15,19,1141.2742382271467,1831.111111111111,1.0,100.0,60.0,as_loaded_from_eeglab,42,5000,5000,5000,1e-07,False,7.5931564979982795,7.5931564979982795,,,,,,,0.594986054535795,0.2974930272678975,0.8999208402174007,0.018477983394521415,2.0532898638126382,13.333333333333334,20.0,60.0,6.666666666666667,0.0,8.983023161865334e-16,D:\amica-validation-workspace\results\ds004504_v3\benchmark_sub-55_hp1.0hz_infomax_cpu.json,ok,sensitivity_only,
ds004504,sub-55,sub-55__jax_gpu,AMICA-Python (JAX-GPU),jax,gpu,fc10516,412000,13.733333333333333,500.0,19,19,15,19,1141.2742382271467,1831.111111111111,1.0,100.0,60.0,as_loaded_from_eeglab,42,3000,3000,3000,,False,12.513408769002126,12.513408769002126,,,,0.6965532302856445,0.31585373170673847,0.6965532302856445,0.6079285684686049,0.30396428423430244,0.8999208402174007,0.01837989542203632,2.042390241523482,13.333333333333334,20.0,46.666666666666664,6.666666666666667,0.0,7.593594235369348e-16,D:\amica-validation-workspace\results\ds004504_v3\benchmark_sub-55_hp1.0hz_jax_gpu.json,ok,sensitivity_only,
ds004504,sub-55,sub-55__picard_cpu,Picard,picard,cpu,fc30615,412000,13.733333333333333,500.0,19,19,15,19,1141.2742382271467,1831.111111111111,1.0,100.0,60.0,as_loaded_from_eeglab,42,5000,51,5000,1e-06,True,5.990023149002809,5.990023149002809,,,,,,,0.5972998735907353,0.2986499367953677,0.8999208402174007,0.01840593155906097,2.045283400106004,13.333333333333334,20.0,46.666666666666664,6.666666666666667,0.0,8.447599497287696e-16,D:\amica-validation-workspace\results\ds004504_v3\benchmark_sub-55_hp1.0hz_picard_cpu.json,ok,sensitivity_only,
ds004504,sub-56,sub-56__fastica_cpu,FastICA,fastica,cpu,fc30615,442700,14.756666666666666,500.0,19,19,15,19,1226.3157894736842,1967.5555555555557,1.0,100.0,60.0,as_loaded_from_eeglab,42,5000,56,5000,1e-06,True,1.506351406002068,1.506351406002068,,,,,,,1.1903947159409967,0.5951973579704984,1.7083652123465929,0.018779247047760576,1.0992524848925949,13.333333333333334,40.0,73.33333333333333,20.0,0.0,9.281052476543401e-16,D:\amica-validation-workspace\results\ds004504_v3\benchmark_sub-56_hp1.0hz_fastica_cpu.json,ok,sensitivity_only,
ds004504,sub-56,sub-56__infomax_cpu,Infomax,infomax,cpu,fc30615,442700,14.756666666666666,500.0,19,19,15,19,1226.3157894736842,1967.5555555555557,1.0,100.0,60.0,as_loaded_from_eeglab,42,5000,5000,5000,1e-07,False,9.167984455001715,9.167984455001715,,,,,,,1.230917327357254,0.615458663678627,1.7083652123465929,0.018477905159682693,1.0816132888998384,13.333333333333334,40.0,73.33333333333333,20.0,0.0,6.227093162758467e-16,D:\amica-validation-workspace\results\ds004504_v3\benchmark_sub-56_hp1.0hz_infomax_cpu.json,ok,sensitivity_only,
ds004504,sub-56,sub-56__jax_gpu,AMICA-Python (JAX-GPU),jax,gpu,fc10413,442700,14.756666666666666,500.0,19,19,15,19,1226.3157894736842,1967.5555555555557,1.0,100.0,60.0,as_loaded_from_eeglab,42,3000,3000,3000,,False,12.941658226998698,12.941658226998698,,,,0.7480185031890869,0.3391870455816388,0.7480185031890869,1.401146642862848,0.700573321431424,1.7083652123465929,0.01740020552177422,1.0185296092440022,13.333333333333334,46.666666666666664,73.33333333333333,20.0,0.0,6.741918112170329e-16,D:\amica-validation-workspace\results\ds004504_v3\benchmark_sub-56_hp1.0hz_jax_gpu.json,ok,sensitivity_only,
ds004504,sub-56,sub-56__picard_cpu,Picard,picard,cpu,fc30615,442700,14.756666666666666,500.0,19,19,15,19,1226.3157894736842,1967.5555555555557,1.0,100.0,60.0,as_loaded_from_eeglab,42,5000,70,5000,1e-06,True,9.993798008996237,9.993798008996237,,,,,,,1.230456924148882,0.615228462074441,1.7083652123465929,0.018522003336827887,1.0841945974412728,13.333333333333334,40.0,73.33333333333333,20.0,0.0,7.080573547107995e-16,D:\amica-validation-workspace\results\ds004504_v3\benchmark_sub-56_hp1.0hz_picard_cpu.json,ok,sensitivity_only,
ds004504,sub-57,sub-57__fastica_cpu,FastICA,fastica,cpu,fc30615,398250,13.275,500.0,19,19,15,19,1103.185595567867,1770.0,1.0,100.0,60.0,as_loaded_from_eeglab,42,5000,89,5000,1e-06,True,1.9713986159986234,1.9713986159986234,,,,,,,0.6910510385295296,0.3455255192647649,0.9029126429492423,0.017689953397027575,1.95920984551127,26.666666666666668,26.666666666666668,60.0,13.333333333333334,6.666666666666667,7.666347444586137e-16,D:\amica-validation-workspace\results\ds004504_v3\benchmark_sub-57_hp1.0hz_fastica_cpu.json,ok,sensitivity_only,
ds004504,sub-57,sub-57__infomax_cpu,Infomax,infomax,cpu,fc30615,398250,13.275,500.0,19,19,15,19,1103.185595567867,1770.0,1.0,100.0,60.0,as_loaded_from_eeglab,42,5000,123,5000,1e-07,True,11.023765455996909,11.023765455996909,,,,,,,0.6894058118290403,0.3447029059145201,0.9029126429492423,0.01787006558149428,1.9791577536365115,26.666666666666668,33.33333333333333,60.0,20.0,6.666666666666667,9.26530525933841e-16,D:\amica-validation-workspace\results\ds004504_v3\benchmark_sub-57_hp1.0hz_infomax_cpu.json,ok,sensitivity_only,
ds004504,sub-57,sub-57__jax_gpu,AMICA-Python (JAX-GPU),jax,gpu,fc10516,398250,13.275,500.0,19,19,15,19,1103.185595567867,1770.0,1.0,100.0,60.0,as_loaded_from_eeglab,42,3000,3000,3000,,False,11.427975777005486,11.427975777005486,,,,0.673504114151001,0.3054072009399533,0.673504114151001,0.6957431780842143,0.34787158904210713,0.9029126429492423,0.017661544145500807,1.95606344461096,26.666666666666668,26.666666666666668,66.66666666666667,13.333333333333334,6.666666666666667,7.735661646977027e-16,D:\amica-validation-workspace\results\ds004504_v3\benchmark_sub-57_hp1.0hz_jax_gpu.json,ok,sensitivity_only,
ds004504,sub-57,sub-57__picard_cpu,Picard,picard,cpu,fc30615,398250,13.275,500.0,19,19,15,19,1103.185595567867,1770.0,1.0,100.0,60.0,as_loaded_from_eeglab,42,5000,64,5000,1e-06,True,6.895314902998507,6.895314902998507,,,,,,,0.6921310369468721,0.34606551847343603,0.9029126429492423,0.017816106822041967,1.9731816761196364,26.666666666666668,33.33333333333333,53.333333333333336,20.0,6.666666666666667,9.7495617386567e-16,D:\amica-validation-workspace\results\ds004504_v3\benchmark_sub-57_hp1.0hz_picard_cpu.json,ok,sensitivity_only,
ds004504,sub-58,sub-58__fastica_cpu,FastICA,fastica,cpu,fc30617,381400,12.713333333333333,500.0,19,19,15,19,1056.5096952908586,1695.111111111111,1.0,100.0,60.0,as_loaded_from_eeglab,42,5000,66,5000,1e-06,True,1.4503997009960585,1.4503997009960585,,,,,,,1.594849075433082,0.797424537716541,0.9061575075723609,0.01928238545724435,2.1279286764287564,6.666666666666667,26.666666666666668,53.333333333333336,13.333333333333334,20.0,7.151565927418956e-16,D:\amica-validation-workspace\results\ds004504_v3\benchmark_sub-58_hp1.0hz_fastica_cpu.json,ok,sensitivity_only,
ds004504,sub-58,sub-58__infomax_cpu,Infomax,infomax,cpu,fc30617,381400,12.713333333333333,500.0,19,19,15,19,1056.5096952908586,1695.111111111111,1.0,100.0,60.0,as_loaded_from_eeglab,42,5000,5000,5000,1e-07,False,8.58670918700227,8.58670918700227,,,,,,,1.5991801831467178,0.7995900915733589,0.9061575075723609,0.019199075014709254,2.118734861684752,6.666666666666667,26.666666666666668,53.333333333333336,13.333333333333334,20.0,1.0400489265241244e-15,D:\amica-validation-workspace\results\ds004504_v3\benchmark_sub-58_hp1.0hz_infomax_cpu.json,ok,sensitivity_only,
ds004504,sub-58,sub-58__jax_gpu,AMICA-Python (JAX-GPU),jax,gpu,fc10516,381400,12.713333333333333,500.0,19,19,15,19,1056.5096952908586,1695.111111111111,1.0,100.0,60.0,as_loaded_from_eeglab,42,3000,3000,3000,,False,11.511375467998732,11.511375467998732,,,,0.645256757736206,0.292601240798831,0.645256757736206,1.610420587686793,0.8052102938433965,0.9061575075723609,0.01919508302605135,2.1182943214227614,6.666666666666667,26.666666666666668,60.0,13.333333333333334,6.666666666666667,7.352853368669386e-16,D:\amica-validation-workspace\results\ds004504_v3\benchmark_sub-58_hp1.0hz_jax_gpu.json,ok,sensitivity_only,
ds004504,sub-58,sub-58__picard_cpu,Picard,picard,cpu,fc30617,381400,12.713333333333333,500.0,19,19,15,19,1056.5096952908586,1695.111111111111,1.0,100.0,60.0,as_loaded_from_eeglab,42,5000,44,5000,1e-06,True,5.1510106139976415,5.1510106139976415,,,,,,,1.5995921148235581,0.7997960574117791,0.9061575075723609,0.019164809793264577,2.1149534858027073,6.666666666666667,26.666666666666668,53.333333333333336,13.333333333333334,20.0,8.79159351288753e-16,D:\amica-validation-workspace\results\ds004504_v3\benchmark_sub-58_hp1.0hz_picard_cpu.json,ok,sensitivity_only,
ds004504,sub-59,sub-59__fastica_cpu,FastICA,fastica,cpu,fc30617,394900,13.163333333333332,500.0,19,19,15,19,1093.9058171745153,1755.111111111111,1.0,100.0,60.0,as_loaded_from_eeglab,42,5000,95,5000,1e-06,True,2.18203760599863,2.18203760599863,,,,,,,0.8342761710851647,0.41713808554258236,1.2459855887948648,0.019760969993674594,1.5859709912686621,13.333333333333334,20.0,40.0,13.333333333333334,13.333333333333334,1.0573597828583181e-15,D:\amica-validation-workspace\results\ds004504_v3\benchmark_sub-59_hp1.0hz_fastica_cpu.json,ok,sensitivity_only,
ds004504,sub-59,sub-59__infomax_cpu,Infomax,infomax,cpu,fc30617,394900,13.163333333333332,500.0,19,19,15,19,1093.9058171745153,1755.111111111111,1.0,100.0,60.0,as_loaded_from_eeglab,42,5000,5000,5000,1e-07,False,7.995888655001181,7.995888655001181,,,,,,,0.8436409040973842,0.4218204520486921,1.2459855887948648,0.019743477617935795,1.5845670925481548,13.333333333333334,20.0,33.333333333333336,13.333333333333334,13.333333333333334,1.2278333439589516e-15,D:\amica-validation-workspace\results\ds004504_v3\benchmark_sub-59_hp1.0hz_infomax_cpu.json,ok,sensitivity_only,
ds004504,sub-59,sub-59__jax_gpu,AMICA-Python (JAX-GPU),jax,gpu,fc10516,394900,13.163333333333332,500.0,19,19,15,19,1093.9058171745153,1755.111111111111,1.0,100.0,60.0,as_loaded_from_eeglab,42,3000,3000,3000,,False,11.410333639003511,11.410333639003511,,,,0.6678884029388428,0.3028602432459593,0.6678884029388428,0.8613181185674463,0.4306590592837232,1.2459855887948648,0.01950950511260931,1.5657889856879634,6.666666666666667,20.0,33.333333333333336,13.333333333333334,13.333333333333334,9.586670967116763e-16,D:\amica-validation-workspace\results\ds004504_v3\benchmark_sub-59_hp1.0hz_jax_gpu.json,ok,sensitivity_only,
ds004504,sub-59,sub-59__picard_cpu,Picard,picard,cpu,fc30617,394900,13.163333333333332,500.0,19,19,15,19,1093.9058171745153,1755.111111111111,1.0,100.0,60.0,as_loaded_from_eeglab,42,5000,89,5000,1e-06,True,10.607427032999112,10.607427032999112,,,,,,,0.8458188305902254,0.42290941529511267,1.2459855887948648,0.01962242078283813,1.5748513433303204,6.666666666666667,26.666666666666668,33.333333333333336,13.333333333333334,13.333333333333334,1.5871553284528852e-15,D:\amica-validation-workspace\results\ds004504_v3\benchmark_sub-59_hp1.0hz_picard_cpu.json,ok,sensitivity_only,
ds004504,sub-60,sub-60__fastica_cpu,FastICA,fastica,cpu,fc30617,375750,12.525,500.0,19,19,15,19,1040.8587257617728,1670.0,1.0,100.0,60.0,as_loaded_from_eeglab,42,5000,79,5000,1e-06,True,1.9813423910018173,1.9813423910018173,,,,,,,2.191613061396829,1.0958065306984146,1.1389221523879376,0.024474396218271563,2.1489086121432415,6.666666666666667,26.666666666666668,53.333333333333336,26.666666666666668,0.0,6.905881694912626e-16,D:\amica-validation-workspace\results\ds004504_v3\benchmark_sub-60_hp1.0hz_fastica_cpu.json,ok,sensitivity_only,
ds004504,sub-60,sub-60__infomax_cpu,Infomax,infomax,cpu,fc30617,375750,12.525,500.0,19,19,15,19,1040.8587257617728,1670.0,1.0,100.0,60.0,as_loaded_from_eeglab,42,5000,5000,5000,1e-07,False,8.058752165001351,8.058752165001351,,,,,,,2.2444622559688305,1.1222311279844153,1.1389221523879376,0.024216430534290893,2.1262586282580562,6.666666666666667,26.666666666666668,40.0,26.666666666666668,0.0,7.413498272759933e-16,D:\amica-validation-workspace\results\ds004504_v3\benchmark_sub-60_hp1.0hz_infomax_cpu.json,ok,sensitivity_only,
ds004504,sub-60,sub-60__jax_gpu,AMICA-Python (JAX-GPU),jax,gpu,fc10516,375750,12.525,500.0,19,19,15,19,1040.8587257617728,1670.0,1.0,100.0,60.0,as_loaded_from_eeglab,42,3000,3000,3000,,False,11.354577214995516,11.354577214995516,,,,0.6357851028442383,0.2883057603612542,0.6357851028442383,2.477839049342691,1.2389195246713458,1.1389221523879376,0.022883016692820952,2.009181807978969,6.666666666666667,26.666666666666668,73.33333333333333,13.333333333333334,0.0,8.843470929534141e-16,D:\amica-validation-workspace\results\ds004504_v3\benchmark_sub-60_hp1.0hz_jax_gpu.json,ok,sensitivity_only,
ds004504,sub-60,sub-60__picard_cpu,Picard,picard,cpu,fc30617,375750,12.525,500.0,19,19,15,19,1040.8587257617728,1670.0,1.0,100.0,60.0,as_loaded_from_eeglab,42,5000,35,5000,1e-06,True,4.0979549680050695,4.0979549680050695,,,,,,,2.2458704410462182,1.1229352205231091,1.1389221523879376,0.024219114740778203,2.126494307797846,6.666666666666667,26.666666666666668,40.0,26.666666666666668,0.0,7.638548880358445e-16,D:\amica-validation-workspace\results\ds004504_v3\benchmark_sub-60_hp1.0hz_picard_cpu.json,ok,sensitivity_only,
ds004504,sub-61,sub-61__fastica_cpu,FastICA,fastica,cpu,fc30617,403650,13.455,500.0,19,19,15,19,1118.1440443213296,1794.0,1.0,100.0,60.0,as_loaded_from_eeglab,42,5000,43,5000,1e-06,True,1.280083324003499,1.280083324003499,,,,,,,2.8514747801422615,1.4257373900711308,0.9392446968713952,0.03130611206962192,3.333115659199561,6.666666666666667,40.0,26.666666666666668,26.666666666666668,13.333333333333334,8.650717153823454e-16,D:\amica-validation-workspace\results\ds004504_v3\benchmark_sub-61_hp1.0hz_fastica_cpu.json,ok,sensitivity_only,
ds004504,sub-61,sub-61__infomax_cpu,Infomax,infomax,cpu,fc30617,403650,13.455,500.0,19,19,15,19,1118.1440443213296,1794.0,1.0,100.0,60.0,as_loaded_from_eeglab,42,5000,5000,5000,1e-07,False,9.603834745998029,9.603834745998029,,,,,,,2.9064046978287372,1.4532023489143686,0.9392446968713952,0.031074724290343646,3.3084801430184183,6.666666666666667,40.0,26.666666666666668,26.666666666666668,13.333333333333334,8.176682686968203e-16,D:\amica-validation-workspace\results\ds004504_v3\benchmark_sub-61_hp1.0hz_infomax_cpu.json,ok,sensitivity_only,
ds004504,sub-61,sub-61__jax_gpu,AMICA-Python (JAX-GPU),jax,gpu,fc10516,403650,13.455,500.0,19,19,15,19,1118.1440443213296,1794.0,1.0,100.0,60.0,as_loaded_from_eeglab,42,3000,3000,3000,,False,11.347160593002627,11.347160593002627,,,,0.6825556755065918,0.3095098854973912,0.6825556755065918,3.523334467388505,1.7616672336942525,0.9392446968713952,0.02870449945929355,3.0561257950039695,6.666666666666667,26.666666666666668,26.666666666666668,26.666666666666668,13.333333333333334,8.492996283203269e-16,D:\amica-validation-workspace\results\ds004504_v3\benchmark_sub-61_hp1.0hz_jax_gpu.json,ok,sensitivity_only,
ds004504,sub-61,sub-61__picard_cpu,Picard,picard,cpu,fc30617,403650,13.455,500.0,19,19,15,19,1118.1440443213296,1794.0,1.0,100.0,60.0,as_loaded_from_eeglab,42,5000,34,5000,1e-06,True,4.2496402300021145,4.2496402300021145,,,,,,,2.862580616368831,1.4312903081844157,0.9392446968713952,0.031248735043602538,3.3270068117170566,6.666666666666667,33.33333333333333,26.666666666666668,26.666666666666668,13.333333333333334,7.680741420616429e-16,D:\amica-validation-workspace\results\ds004504_v3\benchmark_sub-61_hp1.0hz_picard_cpu.json,ok,sensitivity_only,
ds004504,sub-62,sub-62__fastica_cpu,FastICA,fastica,cpu,fc30617,456050,15.201666666666666,500.0,19,19,15,19,1263.2963988919666,2026.888888888889,1.0,100.0,60.0,as_loaded_from_eeglab,42,5000,89,5000,1e-06,True,2.301839485000528,2.301839485000528,,,,,,,2.2023853902101678,1.1011926951050839,0.8242083991773927,0.027373676290066574,3.3212081213182336,6.666666666666667,20.0,86.66666666666667,6.666666666666667,0.0,1.0152340923367845e-15,D:\amica-validation-workspace\results\ds004504_v3\benchmark_sub-62_hp1.0hz_fastica_cpu.json,ok,sensitivity_only,
ds004504,sub-62,sub-62__infomax_cpu,Infomax,infomax,cpu,fc30617,456050,15.201666666666666,500.0,19,19,15,19,1263.2963988919666,2026.888888888889,1.0,100.0,60.0,as_loaded_from_eeglab,42,5000,5000,5000,1e-07,False,9.487132338996162,9.487132338996162,,,,,,,2.359301488212303,1.1796507441061514,0.8242083991773927,0.02588771459093095,3.140918560981467,6.666666666666667,20.0,86.66666666666667,6.666666666666667,0.0,1.1374747187584914e-15,D:\amica-validation-workspace\results\ds004504_v3\benchmark_sub-62_hp1.0hz_infomax_cpu.json,ok,sensitivity_only,
ds004504,sub-62,sub-62__jax_gpu,AMICA-Python (JAX-GPU),jax,gpu,fc10515,456050,15.201666666666666,500.0,19,19,15,19,1263.2963988919666,2026.888888888889,1.0,100.0,60.0,as_loaded_from_eeglab,42,3000,3000,3000,,False,11.51850639499753,11.51850639499753,,,,0.7703988552093506,0.3493317496031523,0.7703988552093506,2.9044813211127156,1.4522406605563578,0.8242083991773927,0.02358566034294229,2.8616136848983986,13.333333333333334,13.333333333333334,60.0,13.333333333333334,0.0,1.170269677758512e-15,D:\amica-validation-workspace\results\ds004504_v3\benchmark_sub-62_hp1.0hz_jax_gpu.json,ok,sensitivity_only,
ds004504,sub-62,sub-62__picard_cpu,Picard,picard,cpu,fc30617,456050,15.201666666666666,500.0,19,19,15,19,1263.2963988919666,2026.888888888889,1.0,100.0,60.0,as_loaded_from_eeglab,42,5000,59,5000,1e-06,True,6.969397818000289,6.969397818000289,,,,,,,2.3412987586258076,1.1706493793129038,0.8242083991773927,0.026645805413595375,3.232896612093424,20.0,26.666666666666668,86.66666666666667,6.666666666666667,0.0,9.554667545856697e-16,D:\amica-validation-workspace\results\ds004504_v3\benchmark_sub-62_hp1.0hz_picard_cpu.json,ok,sensitivity_only,
ds004504,sub-63,sub-63__fastica_cpu,FastICA,fastica,cpu,fc30619,404650,13.488333333333333,500.0,19,19,15,19,1120.9141274238227,1798.4444444444443,1.0,100.0,60.0,as_loaded_from_eeglab,42,5000,100,5000,1e-06,True,2.3752148049970856,2.3752148049970856,,,,,,,1.2292138947494209,0.6146069473747104,1.400639669294199,0.017838066204988495,1.273565685454085,6.666666666666667,20.0,46.666666666666664,13.333333333333334,6.666666666666667,8.548339589408903e-16,D:\amica-validation-workspace\results\ds004504_v3\benchmark_sub-63_hp1.0hz_fastica_cpu.json,ok,sensitivity_only,
ds004504,sub-63,sub-63__infomax_cpu,Infomax,infomax,cpu,fc30619,404650,13.488333333333333,500.0,19,19,15,19,1120.9141274238227,1798.4444444444443,1.0,100.0,60.0,as_loaded_from_eeglab,42,5000,5000,5000,1e-07,False,10.666019242999027,10.666019242999027,,,,,,,1.2544164497190593,0.6272082248595297,1.400639669294199,0.01761486169174312,1.2576297871542854,6.666666666666667,20.0,46.666666666666664,13.333333333333334,6.666666666666667,5.94439533139096e-16,D:\amica-validation-workspace\results\ds004504_v3\benchmark_sub-63_hp1.0hz_infomax_cpu.json,ok,sensitivity_only,
ds004504,sub-63,sub-63__jax_gpu,AMICA-Python (JAX-GPU),jax,gpu,fc10516,404650,13.488333333333333,500.0,19,19,15,19,1120.9141274238227,1798.4444444444443,1.0,100.0,60.0,as_loaded_from_eeglab,42,3000,3000,3000,,False,12.386139866001031,12.386139866001031,,,,0.6842329502105713,0.31026986334472895,0.6842329502105713,1.3050943760628897,0.6525471880314448,1.400639669294199,0.017194261185368726,1.2276006143702287,13.333333333333334,20.0,40.0,13.333333333333334,13.333333333333334,5.120581599704634e-16,D:\amica-validation-workspace\results\ds004504_v3\benchmark_sub-63_hp1.0hz_jax_gpu.json,ok,sensitivity_only,
ds004504,sub-63,sub-63__picard_cpu,Picard,picard,cpu,fc30619,404650,13.488333333333333,500.0,19,19,15,19,1120.9141274238227,1798.4444444444443,1.0,100.0,60.0,as_loaded_from_eeglab,42,5000,49,5000,1e-06,True,5.616015393999987,5.616015393999987,,,,,,,1.2548487651335307,0.6274243825667655,1.400639669294199,0.017636436096731017,1.2591701122972088,6.666666666666667,20.0,46.666666666666664,13.333333333333334,6.666666666666667,5.540704510955828e-16,D:\amica-validation-workspace\results\ds004504_v3\benchmark_sub-63_hp1.0hz_picard_cpu.json,ok,sensitivity_only,
ds004504,sub-64,sub-64__fastica_cpu,FastICA,fastica,cpu,fc30619,424550,14.151666666666667,500.0,19,19,15,19,1176.0387811634348,1886.888888888889,1.0,100.0,60.0,as_loaded_from_eeglab,42,5000,67,5000,1e-06,True,1.6488074610024341,1.6488074610024341,,,,,,,1.3126146122542934,0.6563073061271467,0.5880433879003598,0.021551487924583012,3.6649486020978395,6.666666666666667,33.33333333333333,66.66666666666667,13.333333333333334,6.666666666666667,1.398115205489021e-15,D:\amica-validation-workspace\results\ds004504_v3\benchmark_sub-64_hp1.0hz_fastica_cpu.json,ok,sensitivity_only,
ds004504,sub-64,sub-64__infomax_cpu,Infomax,infomax,cpu,fc30619,424550,14.151666666666667,500.0,19,19,15,19,1176.0387811634348,1886.888888888889,1.0,100.0,60.0,as_loaded_from_eeglab,42,5000,5000,5000,1e-07,False,10.471529508999083,10.471529508999083,,,,,,,1.3223980773208304,0.6611990386604152,0.5880433879003598,0.021323174348780057,3.6261226276033107,6.666666666666667,40.0,73.33333333333333,13.333333333333334,0.0,9.531646669613609e-16,D:\amica-validation-workspace\results\ds004504_v3\benchmark_sub-64_hp1.0hz_infomax_cpu.json,ok,sensitivity_only,
ds004504,sub-64,sub-64__jax_gpu,AMICA-Python (JAX-GPU),jax,gpu,fc10516,424550,14.151666666666667,500.0,19,19,15,19,1176.0387811634348,1886.888888888889,1.0,100.0,60.0,as_loaded_from_eeglab,42,3000,3000,3000,,False,11.804388681994169,11.804388681994169,,,,0.7175924777984619,0.3253929289057851,0.7175924777984619,1.3901643646477417,0.6950821823238709,0.5880433879003598,0.021126628247100026,3.592698886137259,20.0,53.333333333333336,66.66666666666667,13.333333333333334,6.666666666666667,1.2696403698928606e-15,D:\amica-validation-workspace\results\ds004504_v3\benchmark_sub-64_hp1.0hz_jax_gpu.json,ok,sensitivity_only,
ds004504,sub-64,sub-64__picard_cpu,Picard,picard,cpu,fc30619,424550,14.151666666666667,500.0,19,19,15,19,1176.0387811634348,1886.888888888889,1.0,100.0,60.0,as_loaded_from_eeglab,42,5000,39,5000,1e-06,True,5.203389887996309,5.203389887996309,,,,,,,1.32667995173054,0.66333997586527,0.5880433879003598,0.021444284482797688,3.646718069454985,13.333333333333334,40.0,66.66666666666667,13.333333333333334,6.666666666666667,1.4759167862939253e-15,D:\amica-validation-workspace\results\ds004504_v3\benchmark_sub-64_hp1.0hz_picard_cpu.json,ok,sensitivity_only,
ds004504,sub-65,sub-65__fastica_cpu,FastICA,fastica,cpu,fc30619,442050,14.735000000000001,500.0,19,19,15,19,1224.5152354570637,1964.6666666666667,1.0,100.0,60.0,as_loaded_from_eeglab,42,5000,5000,5000,1e-06,False,106.23802683999384,106.23802683999384,,,,,,,2.0275850894973964,1.0137925447486982,1.0125732693869913,0.02559113270049381,2.5273363888014346,6.666666666666667,33.33333333333333,46.666666666666664,20.0,13.333333333333334,9.882959902880285e-16,D:\amica-validation-workspace\results\ds004504_v3\benchmark_sub-65_hp1.0hz_fastica_cpu.json,ok,sensitivity_only,
ds004504,sub-65,sub-65__infomax_cpu,Infomax,infomax,cpu,fc30619,442050,14.735000000000001,500.0,19,19,15,19,1224.5152354570637,1964.6666666666667,1.0,100.0,60.0,as_loaded_from_eeglab,42,5000,5000,5000,1e-07,False,14.048804371006554,14.048804371006554,,,,,,,2.0618613525206726,1.0309306762603363,1.0125732693869913,0.025531191680949115,2.5214167164817236,6.666666666666667,40.0,46.666666666666664,20.0,13.333333333333334,1.0358886600237603e-15,D:\amica-validation-workspace\results\ds004504_v3\benchmark_sub-65_hp1.0hz_infomax_cpu.json,ok,sensitivity_only,
ds004504,sub-65,sub-65__jax_gpu,AMICA-Python (JAX-GPU),jax,gpu,fc10519,442050,14.735000000000001,500.0,19,19,15,19,1224.5152354570637,1964.6666666666667,1.0,100.0,60.0,as_loaded_from_eeglab,42,3000,3000,3000,,False,39.51569983600348,39.51569983600348,,,,0.7469286918640137,0.33869388699531555,0.7469286918640137,2.1407124816102368,1.0703562408051184,1.0125732693869913,0.02552021745677757,2.52033292091815,6.666666666666667,33.33333333333333,40.0,20.0,13.333333333333334,8.566067355776268e-16,D:\amica-validation-workspace\results\ds004504_v3\benchmark_sub-65_hp1.0hz_jax_gpu.json,ok,sensitivity_only,
ds004504,sub-65,sub-65__picard_cpu,Picard,picard,cpu,fc30619,442050,14.735000000000001,500.0,19,19,15,19,1224.5152354570637,1964.6666666666667,1.0,100.0,60.0,as_loaded_from_eeglab,42,5000,46,5000,1e-06,True,5.647571413996047,5.647571413996047,,,,,,,2.058781804455684,1.029390902227842,1.0125732693869913,0.025528733143696178,2.521173915557853,6.666666666666667,40.0,46.666666666666664,20.0,13.333333333333334,9.247069484251131e-16,D:\amica-validation-workspace\results\ds004504_v3\benchmark_sub-65_hp1.0hz_picard_cpu.json,ok,sensitivity_only,
